objectid,cod_loc,localidad,estado,barriocomu,cod_polbar,shape_area,shape_len,codigo_upz,area_m2,population_x,pop_density_x,estrato_0,estrato_1,estrato_2,estrato_3,estrato_4,estrato_5,estrato_6,street_total_length,street_len_CL,street_ratio_CL,street_len_KR,street_ratio_KR,street_len_None,street_ratio_None,street_len_AK,street_ratio_AK,street_len_TV,street_ratio_TV,street_len_DG,street_ratio_DG,street_len_AC,street_ratio_AC,fence_ratio,wall_ratio,road_ratio,sidewalk_ratio,building_ratio,sky_ratio,vegetation_ratio,person_count,bicyclist_count,motorcyclist_count,other_rider_count,street_light_count,source,Matched_Barrio,Cantidad,murder_rate_per_1000
35,8,Kennedy,SIN LEGALIZAR,alsacia,80009,7.45E-06,0.015249733,113,91369.41871,8,87.55664765,0.94208284,0,0,0.05791716,0,0,0,1565.189029,303.9188298,0.194173882,857.0294159,0.547556493,0,0,0.444224894,0.000283815,0.939074423,0.000599975,0,0,325.0377176,0.207666749,0.031308244,0.012113927,0.116918659,0.028872585,0.062718,0.342034366,0.066947561,0.975609756,0,0.268292683,0,0.12195122,2016central,alsacia,2,250
28,1,Usaquén,LEGALIZADO,san bernardo,10187,7.82E-07,0.003642058,16,9592.693685,81,8443.926457,0,0,0,0,0,0,1,124.8422834,0,0,0,0,0,0,124.8422834,1,0,0,0,0,0,0,0.083321,0.007533,0.0711205,0.003836,0.124579,0.417982,0.2225375,0,0,0.5,0,0,2016north,san bernardo,13,160.4938272
3406,9,Fontibón,SIN LEGALIZAR,urb. cofradía,90144,5.28E-06,0.009968644,115,64771.05748,13,200.7069284,0.846728532,0,0,0.153271468,0,0,0,765.9474699,0,0,0,0,0,0,128.246424,0.167435012,311.2522031,0.406362336,106.8351476,0.139481037,0,0,0.063400667,0,0.008834,0.000277333,0.172345,0.211280333,0.245401,1,0,0,0,0,2016north,urb. cofradía,2,153.8461538
1016,8,Kennedy,LEGALIZADO,corabastos,80078,3.81E-05,0.026361202,80,467085.5965,18,38.53683379,0.999951159,0,4.88E-05,0,0,0,0,2439.462804,157.6428441,0.06462195,154.5487763,0.063353611,0,0,568.2642151,0.232946456,334.3970072,0.137078133,1174.444423,0.481435675,0,0,0.015159451,0.013188383,0.151028579,0.005009459,0.098752564,0.252201602,0.037296075,0.473684211,0.007518797,0.112781955,0,1.263157895,2016central,corabastos,1,55.55555556
227,8,Kennedy,SIN LEGALIZAR,s.c. el tintal ii,90104,2.34E-05,0.033630417,77,287253.547,61,212.3559505,0.604451138,0,0.000268266,0.395280597,0,0,0,1727.64185,0,0,345.8530309,0.200187921,0,0,610.1995916,0.353197968,0,0,26.81419035,0.015520688,669.8107678,0.387702328,0.0171029,0.002973283,0.15362525,0.024891717,0.0490939,0.349475383,0.04464175,0.6,0.1,0.516666667,0,0.066666667,2016central,s.c. el tintal ii,3,49.18032787
139,5,Usme,SIN LEGALIZAR,s.c el mochuelo oriental,50191,7.40E-05,0.072934323,56,908091.5657,47,51.7568952,0.923502168,0,0.076497832,0,0,0,0,2664.237606,71.63621719,0.026888074,2257.35125,0.847278503,0,0,0,0,144.3574158,0.054183386,19.92977047,0.007480478,165.6504476,0.062175553,0,0,0.052931333,0.130965333,0.491230667,0.140419667,0.009335,2.666666667,0,0,0,0,2016south,s.c el mochuelo oriental,2,42.55319149
1161,8,Kennedy,LEGALIZADO,ciudad kennedy norte,80059,1.21E-05,0.017015181,47,148800.118,87,584.6769556,0.989133452,0,0,0.010866548,0,0,0,1978.051276,1095.79102,0.553975032,751.8786826,0.380110815,0,0,126.802295,0.064104655,0,0,0,0,0,0,0.021434824,0.002426265,0.112923941,0.0335675,0.273571618,0.174771029,0.103577412,3.147058824,0,0.088235294,0.058823529,0.941176471,2016central,ciudad kennedy norte,3,34.48275862
69,2,Chapinero,LEGALIZADO,santo domingo,20098,4.67E-07,0.002859697,90,5728.637687,110,19201.77292,0,0,0,0,1,0,0,174.4980725,90.12133795,0.516460363,79.67718165,0.456607804,0,0,0,0,4.69955293,0.026931833,0,0,0,0,0.083705733,0.034981733,0.099962933,0.015885867,0.046790467,0.145450267,0.346206733,0.133333333,0,0,0,0.066666667,2016central,santo domingo,3,27.27272727
2643,10,Engativá,LEGALIZADO,laureles ii,100125,4.49E-07,0.002941313,74,5510.594534,39,7077.276283,0,0,1,0,0,0,0,283.1712905,165.9689735,0.586108052,60.76954811,0.214603493,0,0,0,0,0,0,0,0,56.43276887,0.199288455,0.0854495,0.054211167,0.036890333,0.019107,0.1051015,0.2513435,0.1562805,0,0,0,0,0,2016north,laureles ii,1,25.64102564
1394,19,Ciudad Bolívar,LEGALIZADO,lucero bajo,190120,1.28E-06,0.005185707,67,15745.56781,281,17846.29194,0.317324643,0,0.682675357,0,0,0,0,565.2943338,313.9587812,0.555389931,251.3355526,0.444610069,0,0,0,0,0,0,0,0,0,0,0.011681,0.0011492,0.0217158,0.1111492,0.413799,0.2332642,0.0022778,5.2,0,0,0,0.2,2016south,lucero bajo,6,21.35231317
617,4,San Cristóbal,LEGALIZADO,la victoria,40087,1.43E-06,0.004843069,50,17507.56178,627,35813.09653,0,0,1,0,0,0,0,617.5042821,419.5384157,0.679409727,197.9658664,0.320590273,0,0,0,0,0,0,0,0,0,0,0,0,0.01976275,0.086467625,0.48436725,0.110173125,0.005316125,3.5,0,0.125,0,1.5,2016south,la victoria,11,17.54385965
3436,1,Usaquén,LEGALIZADO,los naranjos,10142,8.44E-07,0.003748877,10,10351.17244,114,11013.24519,0,0.467909034,0,0,0.532090966,0,0,131.7232965,0,0,131.7232965,1,0,0,0,0,0,0,0,0,0,0,0.083514182,0.145004818,0.033838455,0.050168727,0.065357091,0.203337364,0.287751727,0.363636364,0.090909091,0,0,0.090909091,2016north,los naranjos,2,17.54385965
535,10,Engativá,SIN LEGALIZAR,salitre,100216,4.64E-06,0.00951378,26,56966.36876,57,1000.59037,1,0,0,0,0,0,0,967.3749674,0,0,0,0,0,0,653.565119,0.675606813,0,0,0,0,313.8098484,0.324393187,0.070333851,0.018081,0.100422128,0.03591583,0.008420106,0.368214213,0.183584213,0.595744681,0,0.14893617,0,0.191489362,2016central,salitre,1,17.54385965
2891,16,Puente Aranda,LEGALIZADO,el ejido,160016,2.03E-05,0.023232986,108,249624.4252,68,272.4092402,1,0,0,0,0,0,0,8290.522707,733.4306652,0.088466155,2490.570054,0.300411704,0,0,0,0,0,0,0,0,4768.082886,0.575124519,0.009410357,0.008155242,0.123230119,0.045001392,0.22585089,0.266492599,0.058654965,0.784140969,0.057268722,0.158590308,0,0.13215859,2016central,el ejido,1,14.70588235
3209,4,San Cristóbal,LEGALIZADO,santa anita,40194,7.45E-07,0.00362816,33,9137.622719,135,14774.08339,0,0,0,1,0,0,0,374.5894063,281.6084349,0.751778962,92.98097143,0.248221038,0,0,0,0,0,0,0,0,0,0,0.0375304,0.006251733,0.0947368,0.033808733,0.106608067,0.314486333,0.1816606,0.2,0,0,0,0.666666667,2016south,santa anita,1,7.407407407
2042,11,,LEGALIZADO,los andes,110334,1.10E-06,0.005235663,25,13438.87012,139,10343.13144,0,0,0,0.473545652,0.526454348,0,0,368.5936632,0,0,207.6594756,0.563383195,0,0,0,0,160.9341876,0.436616805,0,0,0,0,0,0,0.137642286,0.132909714,0.250394429,0.282955571,0.033747,1,0.714285714,0.142857143,0,0.428571429,2016north,los andes,1,7.194244604
889,14,Los Mártires,LEGALIZADO,florida,140007,8.94E-06,0.011761702,102,109662.2725,1180,10760.30957,0.078662452,0,0,0.921337548,0,0,0,4253.832819,1366.312296,0.321195579,764.6104129,0.17974623,0,0,271.3193918,0.063782335,153.6631735,0.036123463,508.5167753,0.119543197,1162.105634,0.273190246,0.008305377,0.0269381,0.096937469,0.066973854,0.277350085,0.153916877,0.062998531,1.2,0.107692308,0.2,0,1.207692308,2016central,florida,6,5.084745763
873,13,Teusaquillo,LEGALIZADO,estrella,130023,1.02E-05,0.016317054,101,124773.8362,1189,9529.241358,0.11233091,0,0,0.855541768,0.032127322,0,0,5307.343724,860.8146457,0.162193122,1073.87537,0.202337634,0,0,0,0,0,0,0,0,3309.700032,0.623607628,0.014701275,0.046510169,0.133397079,0.033259494,0.158341792,0.273142601,0.042527551,0.842696629,0.129213483,0.168539326,0,0.280898876,2016central,estrella,6,5.046257359
3037,14,Los Mártires,LEGALIZADO,voto nacional,140024,3.33E-05,0.023502579,102,408497.1906,1249,3057.548568,0.175848732,0,0,0.824151268,0,0,0,9249.706831,3193.022011,0.34520251,3939.672385,0.425924027,0,0,680.1315084,0.073530061,0,0,4.371862108,0.000472649,1319.480949,0.14265111,0.015931739,0.00682444,0.088692186,0.037365527,0.300400478,0.200229711,0.020475409,2.367058824,0.049411765,0.136470588,0.002352941,0.174117647,2016south,voto nacional,6,4.803843074
2953,5,Usme,LEGALIZADO,el uval,50085,1.48E-06,0.006178152,61,18123.66264,257,14180.35665,0,1,0,0,0,0,0,967.8594574,275.3046592,0.284446938,250.355783,0.258669563,0,0,0,0,345.0606177,0.356519343,58.27341912,0.060208555,0,0,0,0.00126325,0.0964185,0.0472405,0.0536025,0.3990715,0.055654,0,0,0,0,0,2016south,el uval,1,3.891050584
2949,4,San Cristóbal,SIN LEGALIZAR,s.c. el pinar,40148,2.02E-06,0.007550095,51,24735.31291,275,11117.70856,0,0,1,0,0,0,0,574.5837727,96.67346884,0.168249563,362.6615315,0.631172596,0,0,0,0,0,0,115.2487724,0.200577841,0,0,0.022108375,0.003273792,0.077141875,0.033332208,0.2662625,0.301693375,0.075068,1.333333333,0,0,0,0.041666667,2016south,s.c. el pinar,1,3.636363636
2932,10,Engativá,LEGALIZADO,sabanas del dorado i,100214,1.16E-06,0.004297695,74,14235.18796,279,19599.31971,0,0,1,0,0,0,0,249.1921569,21.15061976,0.084876747,206.2914666,0.827840929,0,0,0,0,0,0,0,0,0,0,0.082208222,0.067382889,0.122048889,0.010507778,0.126055556,0.321321111,0.144996611,0.444444444,0.055555556,0.055555556,0,0.166666667,2016north,sabanas del dorado i,1,3.584229391
19,16,Puente Aranda,LEGALIZADO,pensilvania,160045,6.98E-05,0.033579381,108,856670.0752,1155,1348.243663,0.381603726,0,0,0.618396274,0,0,0,18754.85239,5382.587105,0.286997039,6949.826645,0.370561522,0,0,4382.260184,0.233660073,0,0,0,0,1866.450995,0.099518298,0.006256036,0.022249775,0.123965727,0.035081313,0.20982873,0.205655864,0.027051804,0.270334928,0.023923445,0.148325359,0,0.650717703,2016central,pensilvania,4,3.463203463
2996,9,Fontibón,LEGALIZADO,santa cecilia,90124,7.66E-06,0.011595954,114,94036.20347,1810,19247.90595,0,0,0,0.962293842,0.037706158,0,0,2547.382954,1728.062633,0.678367825,687.1530705,0.269748633,0,0,0,0,132.1672507,0.051883542,0,0,0,0,0.029189143,0.016721571,0.117765571,0.067739571,0.284437286,0.171352,0.130075286,0.428571429,0,0,0,0.142857143,2016north,santa cecilia,6,3.314917127
2348,11,,LEGALIZADO,potosí,110433,1.51E-05,0.016665256,25,185649.146,1515,8160.554643,0.01851276,0,0,0,0.032431989,0.949055252,0,4550.683591,2097.231928,0.460860854,1648.640661,0.362284177,0,0,437.0886036,0.096048999,0,0,0,0,367.7223989,0.080805969,0.006012655,0.008338552,0.108666241,0.040530759,0.068123897,0.277452103,0.101677345,0.862068966,0.551724138,0.172413793,0,0.310344828,2016north,potosí,5,3.300330033
1318,19,Ciudad Bolívar,LEGALIZADO,villa candelaria,190206,7.23E-06,0.017185927,70,88730.13399,2784,31376.03737,0.363373363,0,0.636626637,0,0,0,0,710.0858208,249.4524233,0.351298978,26.2578267,0.036978385,0,0,0,0,204.1738423,0.287534036,230.2017285,0.324188601,0,0,0.042399947,0.001859105,0.082430789,0.069352,0.221040842,0.305820789,0.119602263,0.421052632,0.052631579,0,0,0.052631579,2016south,villa candelaria,9,3.232758621
2503,11,,SIN LEGALIZAR,rincón de suba sector lagos de la frontera,110476,2.69E-06,0.00761411,28,32987.96952,335,10155.21734,0.490552904,0,0.509447096,0,0,0,0,622.5431953,505.9597742,0.812730391,75.09517171,0.120626444,0,0,0,0,0,0,41.48824937,0.066643166,0,0,0.016150386,0.005654561,0.128475632,0.023540175,0.098573439,0.403928912,0.085817281,1.070175439,0.122807018,0.228070175,0,0.122807018,2016north,rincón de suba sector lagos de la frontera,1,2.985074627
2528,14,Los Mártires,LEGALIZADO,paloquemao,140013,5.01E-05,0.028639123,102,614344.8917,335,545.2963059,0.852841371,0,0,0.147158629,0,0,0,13861.09308,3533.219322,0.254901926,2823.432114,0.203694766,0,0,3906.262418,0.28181489,0,0,0,0,2883.258916,0.208010934,0.014278665,0.00613678,0.133829922,0.023844857,0.233716049,0.220032085,0.062577541,0.594356261,0.017636684,0.211640212,0,1.319223986,2016central,paloquemao,1,2.985074627
3012,12,Barrios Unidos,LEGALIZADO,la paz,120026,2.64E-05,0.021423133,98,323843.6067,3351,10347.58732,0.017165501,0,0,0.982834499,0,0,0,8662.419856,3113.677922,0.359446664,3830.67045,0.44221713,0,0,1560.061337,0.180095327,0,0,0,0,158.0101473,0.018240878,0.027887,0,0.168352667,0.004314333,0.288597,0.301436333,0.050492333,0,0,0,0,0.333333333,2016north,la paz,10,2.984183826
1048,8,Kennedy,LEGALIZADO,llano grande,80179,3.93E-06,0.010703972,80,48244.69713,1681,34843.20765,0.122364016,0,0.877635984,0,0,0,0,2181.438322,911.4425336,0.417817238,734.4153801,0.336665664,0,0,77.64976384,0.035595672,100.7663515,0.04619262,357.1642926,0.163728806,0,0,0.026676929,0,0.053393714,0.062113,0.191340214,0.193995571,0.006965786,2.428571429,0.071428571,0,0,0.428571429,2016central,llano grande,5,2.974419988
206,14,Los Mártires,LEGALIZADO,santa fe,140018,5.76E-05,0.031034246,102,706923.4043,7765,10984.21689,0.028669689,0,0.12734235,0.843987961,0,0,0,17911.19345,7087.425153,0.395698097,6962.026092,0.38869694,0,0,1732.099158,0.096704843,0,0,937.0014783,0.052313738,1161.548215,0.064850409,0.009534883,0.013016561,0.134553724,0.057856127,0.359042483,0.204049061,0.04677861,1.437116564,0.207055215,0.085889571,0,0.122699387,2016central,santa fe,22,2.833226014
362,10,Engativá,LEGALIZADO,los cerezos,100143,1.74E-06,0.006168916,29,21315.59749,376,17639.66505,0,0,0,1,0,0,0,696.5694341,0,0,217.4360213,0.312152688,0,0,0,0,187.2306026,0.268789576,0,0,291.9028102,0.419057736,0,0,0.0674505,0.1121715,0.212377,0.216621,0.1216495,0,0.5,0,0,0,2016north,los cerezos,1,2.659574468
1474,11,,LEGALIZADO,el pino,110187,1.31E-06,0.004972683,27,16012.20537,393,24543.77713,0,0,1,0,0,0,0,458.4733033,189.4559601,0.413232262,163.3869393,0.356371763,0,0,0,0,0,0,0,0,0,0,0.019075429,0.009479143,0.077403,0.082289571,0.230511071,0.180651714,0.079061571,2.285714286,0.071428571,0.071428571,0,0.142857143,2016north,el pino,1,2.544529262
3849,15,Antonio Nariño,LEGALIZADO,restrepo,150012,3.65E-05,0.026300582,38,447762.417,4996,11157.70286,0.096281355,0,0,0.903718645,0,0,0,12695.84527,6281.566196,0.494773374,5440.017296,0.428487996,0,0,0,0,597.1255963,0.04703315,260.0685504,0.02048454,0,0,0.002660818,0.00198222,0.081988566,0.062159981,0.388952862,0.185449877,0.028262186,3.160377358,0.044025157,0.103773585,0,0.132075472,2016south,restrepo,12,2.401921537
1281,8,Kennedy,LEGALIZADO,el tintal,80113,7.70E-05,0.071363095,78,945301.2396,1713,1812.120759,0.50467964,0.109306076,0.385351133,0.00066315,0,0,0,7580.508821,1851.8901,0.244296279,2058.038418,0.271490802,0,0,1857.512206,0.245037932,0,0,24.67653807,0.003255261,958.6694558,0.126465054,0.017454146,0.001674155,0.156959117,0.034191019,0.042893107,0.446039097,0.058519922,1.145631068,0.330097087,0.13592233,0,0.077669903,2016central,el tintal,4,2.335084647
1269,8,Kennedy,SIN LEGALIZAR,villa claudia,80302,5.93E-06,0.010674266,44,72810.00629,937,12869.11027,0.231573874,0,0,0.768426126,0,0,0,2056.838724,1000.227483,0.486293588,1056.611241,0.513706412,0,0,0,0,0,0,0,0,0,0,0.106215043,0.008910435,0.08822513,0.029862739,0.243942,0.303843565,0.066441174,0.565217391,0,0,0,0.173913043,2016central,villa claudia,2,2.134471718
1432,19,Ciudad Bolívar,LEGALIZADO,san fernando,190209,8.69E-07,0.006099211,66,10667.06174,514,48185.71529,0,0,1,0,0,0,0,336.2784487,0,0,45.23554045,0.134518107,0,0,0,0,0,0,291.0429082,0.865481893,0,0,0.001888308,0.001473692,0.050531692,0.030132769,0.551985615,0.122544769,0.010744692,1.692307692,0,0.076923077,0,0,2016south,san fernando,1,1.945525292
3265,3,Santa Fe,LEGALIZADO,las aguas,30025,1.17E-05,0.022885608,92,143404.6216,2139,14915.83728,0.144258052,0,0.37753162,0.478210328,0,0,0,4904.016011,1601.903751,0.326651411,2559.381382,0.521894989,0,0,0,0,91.54922826,0.018668216,239.9553062,0.048930368,0,0,0.013538,0.065681061,0.112938348,0.047562403,0.131658884,0.195520088,0.261494856,0.856353591,0.033149171,0.060773481,0,0.08839779,2016south,las aguas,4,1.870032726
3040,14,Los Mártires,LEGALIZADO,el progreso,140005,2.27E-05,0.023431741,37,278461.5761,5348,19205.52226,0.104646781,0,0,0.895353219,0,0,0,8493.466691,3749.974703,0.441512852,3070.896346,0.361559827,0,0,243.5439137,0.028674265,364.9635054,0.042969911,3.377950497,0.000397712,850.6090464,0.100148629,0.022295667,0,0.011353917,0.02284125,0.843975083,0.03298075,0.000879583,0.333333333,0,0,0,0,2016north,el progreso,10,1.869857891
1343,19,Ciudad Bolívar,LEGALIZADO,juan pablo,190284,3.49E-06,0.009128893,67,42772.91474,1659,38786.22745,0,1,0,0,0,0,0,2064.137417,764.3852628,0.370317042,1299.752154,0.629682958,0,0,0,0,0,0,0,0,0,0,0.001593571,0.010772,0.031671,0.038410714,0.517620143,0.214321857,0.086957857,0.285714286,0,0,0,0,2016south,juan pablo,3,1.808318264
208,3,Candelaria,LEGALIZADO,centro administrativo,170002,3.40E-05,0.028158309,94,416937.9855,1107,2655.07111,0.366727337,0,0,0.633272663,0,0,0,9592.895146,3837.313707,0.400016225,5333.843605,0.556020213,0,0,0,0,184.5676795,0.019240039,0,0,0,0,0.009863172,0.021024579,0.111336847,0.043671373,0.315423234,0.239677522,0.071863866,2.641148325,0.009569378,0.04784689,0,0.162679426,2016south,centro administrativo,2,1.806684734
890,14,Los Mártires,LEGALIZADO,la favorita,140009,2.37E-05,0.02338078,102,290439.9528,3946,13586.28509,0.000212445,0,0.675077711,0.324709844,0,0,0,7844.935361,2525.144083,0.321882076,3235.317422,0.412408423,0,0,243.9851811,0.03110098,0,0,538.9141087,0.0686958,1194.60571,0.152277317,0.003501511,0.011742819,0.125316723,0.051132809,0.298035032,0.278829979,0.033462681,0.936170213,0.074468085,0.234042553,0,0.234042553,2016central,la favorita,7,1.773948302
3103,18,Rafael Uribe,SIN LEGALIZAR,s.c. sosiego sur,180149,1.21E-06,0.004593924,36,14798.5695,570,38517.23641,0,0,0,1,0,0,0,360.2895611,0,0,360.2895611,1,0,0,0,0,0,0,0,0,0,0,0,0.000518286,0.026558,0.045169,0.642196429,0.087185,0.014381143,1.714285714,0,0,0,0,2016south,s.c. sosiego sur,1,1.754385965
3559,11,,SIN LEGALIZAR,s.c suba urbano,110534,5.81E-06,0.013944909,27,71270.15552,584,8194.173224,0,0,0.000289255,0.748362517,0,0,0.251348228,1476.604772,1.598165436,0.001082324,769.6180618,0.521207893,0,0,0,0,0,0,0,0,705.3885445,0.477709783,0.041217333,0.030741542,0.142031875,0.041680667,0.099380625,0.34087025,0.029772,1,0.041666667,0,0,0,2016north,s.c suba urbano,1,1.712328767
2804,13,Teusaquillo,LEGALIZADO,las americas,130032,1.95E-05,0.022380599,101,238925.249,1760,7366.320667,0.115965936,0,0,0,0.884034064,0,0,8658.057888,1914.202251,0.221089103,761.105519,0.087907188,0,0,3258.769355,0.37638572,1171.289506,0.135283169,0,0,1146.423742,0.132411189,0.029139145,0.050648273,0.102036222,0.049774375,0.193056633,0.178484309,0.133143247,0.741818182,0.025454545,0.109090909,0,1.04,2016central,las americas,3,1.704545455
2532,14,Los Mártires,LEGALIZADO,la sabana,140012,1.48E-05,0.015656278,102,181027.9188,1194,6595.667718,0.081709893,0,0.597137848,0.321152259,0,0,0,4919.483598,1785.421205,0.362928582,2096.30852,0.426123693,0,0,0,0,0,0,0,0,1011.374428,0.205585486,0.003474563,0,0.10002775,0.056023625,0.100299875,0.347501562,0.009156313,1.875,0.125,0.5625,0,0.0625,2016central,la sabana,2,1.675041876
3043,16,Puente Aranda,LEGALIZADO,los ejidos,160040,4.56E-05,0.028045511,108,559174.3298,597,1067.645577,0.798609919,0,0,0.201390081,0,0,0,10082.00794,4253.838463,0.421923737,2929.849911,0.290601825,0,0,1081.672247,0.107287383,501.1183461,0.049704221,0,0,1295.619464,0.128508078,0.010855373,0.010721208,0.139841152,0.03478191,0.223145058,0.238812238,0.059106772,0.580524345,0.088014981,0.108614232,0.001872659,0.400749064,2016central,los ejidos,1,1.675041876
767,12,Barrios Unidos,LEGALIZADO,colombia,120005,2.30E-05,0.019171938,98,282358.3263,3200,11333.11718,0,0,0,1,0,0,0,7867.338415,2777.42694,0.353032601,3070.367283,0.3902676,0,0,669.6937504,0.085123293,0,0,129.9574443,0.016518604,1070.329926,0.136047272,0.008688832,0.002036865,0.097978494,0.053487203,0.351135886,0.236649741,0.028636287,1.160839161,0.044289044,0.149184149,0,0.368298368,2016central,colombia,5,1.5625
859,12,Barrios Unidos,LEGALIZADO,el rosario,120009,3.22E-05,0.024440522,103,394991.1693,1298,3286.149415,0.803064662,0,0,0.196935338,0,0,0,6607.685488,858.0513781,0.129856571,1359.846783,0.205797746,0,0,2541.786857,0.384671283,0,0,0,0,1235.943914,0.18704642,0.011902482,0.007891665,0.104255988,0.029156747,0.133095794,0.239561394,0.1089318,0.5,0.082352941,0.088235294,0,0.647058824,2016central,el rosario,2,1.540832049
891,14,Los Mártires,LEGALIZADO,ricaurte,140014,5.42E-05,0.030762073,102,664624.1019,3304,4971.231093,0.080867328,0,0,0.919132672,0,0,0,15215.05246,5130.83558,0.337221025,5664.016355,0.372264004,0,0,2054.309933,0.135018262,0,0,0,0,2365.89059,0.155496709,0.010433086,0.003010822,0.09213866,0.025262381,0.212399995,0.159665249,0.011770056,0.507614213,0.030456853,0.182741117,0,0.598984772,2016central,ricaurte,5,1.513317191
2848,18,Rafael Uribe,SIN LEGALIZAR,quiroga ix etapa,180112,7.64E-06,0.014579905,39,93697.47721,1988,21217.22014,0.071362069,0,0,0.928637931,0,0,0,2891.283494,1043.871268,0.361040787,1847.412227,0.638959213,0,0,0,0,0,0,0,0,0,0,0.006053298,0.002628234,0.129108621,0.029507879,0.20745729,0.261155355,0.053234766,0.669354839,0.008064516,0.064516129,0,2.427419355,2016south,quiroga ix etapa,3,1.509054326
1106,8,Kennedy,LEGALIZADO,nueva york,80206,3.06E-06,0.008764919,45,37529.8806,1353,36051.27376,0,0,0,1,0,0,0,1287.152322,721.558411,0.560585098,219.8750042,0.170822831,0,0,345.7189067,0.26859207,0,0,0,0,0,0,0.008697278,0.000371944,0.156511722,0.023054278,0.103199,0.1998655,0.0553235,1.666666667,1.111111111,0.111111111,0,0.166666667,2016south,nueva york,2,1.4781966
3556,11,,LEGALIZADO,tuna alta,110648,3.89E-06,0.010593298,27,47733.99545,696,14580.80333,0,0,0,0.999276107,0.000723893,0,0,1184.600831,519.4303559,0.438485558,590.6590411,0.498614407,0,0,0,0,0,0,0,0,0,0,0.01031356,0.11335806,0.05327504,0.06044394,0.3697827,0.14273322,0.1013993,0.62,0.04,0.02,0,0.06,2016north,tuna alta,1,1.436781609
445,4,San Cristóbal,LEGALIZADO,los puentes,40113,1.96E-06,0.009580127,50,24028.6673,722,30047.44253,0.435002431,0,0.564997569,0,0,0,0,1174.224209,605.9454033,0.516038929,10.42357573,0.008876989,0,0,0,0,444.626881,0.378655863,83.55231885,0.071155337,0,0,0.00480075,0.0062695,0.114747,0,0.324035,0.1306255,0.27486725,0,0,0,0,0,2016south,los puentes,1,1.385041551
93,6,Tunjuelito,LEGALIZADO,muzu,60014,3.68E-05,0.041110021,42,451989.043,753,1665.969588,0.924203651,0,0.075324989,0.00047136,0,0,0,2817.299478,731.5563221,0.2596658,629.4453212,0.223421516,0,0,978.2982432,0.347246805,0,0,94.78484025,0.033643864,0,0,0,0,0.1682935,0.0059165,0.0674815,0.3944845,0.0370285,1,0,0,0,0.25,2016south,muzu,1,1.328021248
119,3,Santa Fe,LEGALIZADO,la capuchina,30019,2.40E-05,0.020969697,93,293890.3966,2303,7836.254694,0.191696667,0,0,0.808303333,0,0,0,9130.527183,3768.049358,0.412686944,5316.553941,0.582283348,0,0,0,0,0,0,0,0,24.10656099,0.002640216,0.022374469,0.004277862,0.113460714,0.038150411,0.386707942,0.142400643,0.02674133,3.629464286,0.013392857,0.111607143,0,0.142857143,2016south,la capuchina,3,1.302648719
2798,13,Teusaquillo,LEGALIZADO,palermo,130041,2.89E-05,0.024803431,101,354937.4348,5016,14132.0681,0.054983742,0,0,0.08508922,0.859927038,0,0,10188.70341,2029.187966,0.199160569,2222.343861,0.218118417,0,0,716.703651,0.070342969,1761.992512,0.172935892,1998.962896,0.196194041,1407.084888,0.138102449,0.023615162,0.015528072,0.086714133,0.052843122,0.275530614,0.167464066,0.161896968,1.319148936,0.063829787,0.082446809,0.002659574,0.196808511,2016central,palermo,6,1.196172249
566,10,Engativá,SIN LEGALIZAR,bochica compartir,100013,1.35E-05,0.019742886,72,166007.2548,5087,30643.23909,0.495618052,0,0,0.504381948,0,0,0,1837.360153,417.4373935,0.227194104,617.9111119,0.336303751,0,0,174.2503816,0.094837357,0,0,448.6415208,0.244177234,179.1197457,0.097487553,0.0713472,0.007520967,0.144053067,0.024152567,0.180945267,0.200508167,0.248086067,0.466666667,0,0.033333333,0,0.133333333,2016north,bochica compartir,6,1.179477098
2590,4,San Cristóbal,LEGALIZADO,la colmena,40073,5.23E-06,0.012629795,50,64116.80507,1804,28136.1493,0.032060237,0,0.967939763,0,0,0,0,2089.755236,1110.28923,0.531301088,802.1574076,0.383852326,0,0,0,0,92.77551171,0.044395396,84.53308621,0.04045119,0,0,0.010280483,0.059665724,0.115945207,0.01746869,0.136874483,0.326231655,0.127109621,1.172413793,0,0,0,0.034482759,2016south,la colmena,2,1.10864745
1238,8,Kennedy,SIN LEGALIZAR,nuevo kennedy,80208,4.79E-06,0.011481476,47,58828.46236,906,15400.70849,0,0,0,1,0,0,0,2179.004835,887.7969217,0.407432286,676.3534346,0.310395564,0,0,264.796387,0.121521707,0,0,0,0,350.0580922,0.160650443,0.180933875,0.0015125,0.303644125,0.010349625,0.05105675,0.173428,0.178804375,2.25,0.125,0.375,0,0,2016central,nuevo kennedy,1,1.103752759
402,4,San Cristóbal,LEGALIZADO,primero de mayo,40130,7.57E-06,0.0127385,33,92923.42529,909,9782.248095,0.012416944,0,0,0.987583056,0,0,0,2236.505397,1364.04626,0.609900723,870.5718368,0.389255415,0,0,0,0,0,0,1.43105034,0.00063986,0,0,0.008887342,0.01167174,0.097636233,0.061050247,0.159769521,0.320044767,0.124312151,1.917808219,0.01369863,0.082191781,0,0.287671233,2016south,primero de mayo,1,1.100110011
2912,5,Usme,LEGALIZADO,puerta al llano,50169,1.01E-05,0.016755874,59,123806.8347,2739,22123.17281,0.086905972,0.913094028,0,0,0,0,0,4501.13083,1352.581906,0.300498243,2947.387366,0.654810419,0,0,0,0,112.5376304,0.025002079,0,0,0,0,0.00098675,0.019735125,0.106431875,0.00523125,0.01480925,0.315569125,0.02169225,0.25,0.125,0,0,0.25,2016south,puerta al llano,3,1.095290252
2691,10,Engativá,SIN LEGALIZAR,aguas claras,100281,5.85E-06,0.010719608,30,71798.45954,1929,26866.87169,0.119902162,0,0,0.880097838,0,0,0,2425.542575,1281.684247,0.528411358,975.9997,0.402384073,0,0,0,0,0,0,0,0,167.858628,0.069204569,0.009221408,0.004614602,0.065740155,0.08766232,0.38636901,0.257387097,0.049623786,1.223300971,0.058252427,0.038834951,0,0.126213592,2016north,aguas claras,2,1.036806636
2802,13,Teusaquillo,LEGALIZADO,la magdalena,130030,1.80E-05,0.017658256,101,221163.252,977,4417.551249,0.076596632,0,0,0,0.923403368,0,0,6708.95252,1975.9836,0.294529376,2672.143449,0.39829518,0,0,302.1222764,0.045032705,375.1640294,0.055919911,1383.539166,0.206222829,0,0,0.031148625,0.018500102,0.082025363,0.061097535,0.17539648,0.175118031,0.295237781,1.36328125,0.015625,0.04296875,0,0.15234375,2016central,la magdalena,1,1.023541453
2542,1,Usaquén,LEGALIZADO,el codito,10073,1.14E-05,0.020752657,9,139545.419,3960,28377.85738,0,0.460869495,0.458307247,0.000119978,0.08070328,0,0,3839.3331,1776.360827,0.462674319,1864.562899,0.485647598,0,0,0,0,0,0,57.04159008,0.014857161,0,0,0.036961518,0.048496205,0.083447639,0.043777157,0.346429145,0.210564542,0.091531253,0.734939759,0,0.012048193,0,0.048192771,2016north,el codito,4,1.01010101
840,1,Usaquén,LEGALIZADO,el cerro parte baja (villa nydia),10072,2.08E-06,0.009047751,11,25519.1581,1036,40596.95057,0,0,1,0,0,0,0,1054.363838,669.349771,0.634837564,319.6334223,0.303152869,0,0,0,0,0,0,0,0,0,0,0.007244613,0.015660645,0.067873387,0.042071548,0.474439452,0.16998471,0.040345581,0.322580645,0,0,0,0.032258065,2016north,el cerro parte baja (villa nydia),1,0.965250965
1192,8,Kennedy,LEGALIZADO,las torres,80177,3.49E-06,0.010214105,45,42792.67167,1055,24653.75399,0.603134232,0,0.396865768,0,0,0,0,1453.007742,660.464534,0.454549907,118.8387735,0.081788121,0,0,0,0,673.7044345,0.463661972,0,0,0,0,0.006019875,0.001148813,0.081007469,0.062568313,0.486748094,0.163791125,0.044395937,1.65625,0,0.0625,0,0.15625,2016south,las torres,1,0.947867299
2820,6,Tunjuelito,LEGALIZADO,villa ximena,60034,1.78E-06,0.006607342,42,21854.97689,1065,48730.3192,0.054298255,0,0.945701745,0,0,0,0,1089.956811,420.5807812,0.385869217,585.6405205,0.537306171,0,0,0,0,0,0,83.73550923,0.076824612,0,0,0,0.0011765,0.087631,0.04502825,0.041967,0.359718,0.10060275,0.25,0,0,0,0.25,2016south,villa ximena,1,0.938967136
2800,13,Teusaquillo,LEGALIZADO,alfonso lópez,130002,2.67E-05,0.023925792,100,327130.6655,6408,19588.50293,0.025198959,0,0,0.861518144,0.113282897,0,0,7327.879173,2856.382847,0.389796663,3674.049,0.501379582,0,0,431.8994844,0.05893922,21.86796836,0.002984215,266.9231891,0.036425708,0,0,0.021146073,0.005421211,0.108755105,0.070565604,0.400452211,0.193028982,0.032524182,1.458181818,0.032727273,0.021818182,0,0.123636364,2016central,alfonso lópez,6,0.936329588
983,8,Kennedy,LEGALIZADO,argelia,80335,9.90E-06,0.014988276,45,121512.6595,2172,17874.68078,0.10688322,0,0,0.89311678,0,0,0,3373.716722,608.1012936,0.180246696,1164.657356,0.345214922,0,0,1391.575017,0.412475359,0,0,209.3830553,0.062063022,0,0,0.005073353,0.000314059,0.113065706,0.060351647,0.234241882,0.261966471,0.021179412,1.352941176,0.647058824,0.352941176,0,0,2016south,argelia,2,0.920810313
912,18,Rafael Uribe,LEGALIZADO,el socorro,180040,2.65E-06,0.007775689,54,32538.0666,1104,33929.48983,0.247409752,0,0.75102686,0.001563388,0,0,0,1462.558038,818.19289,0.55942593,534.6107382,0.365531298,0,0,0,0,0,0,39.90868382,0.027286906,0,0,0.039654739,0.010199957,0.114707783,0.02641587,0.184457391,0.322145174,0.036761783,0.869565217,0.043478261,0.304347826,0,0.043478261,2016south,el socorro,1,0.905797101
3636,3,Santa Fe,LEGALIZADO,los laches,30028,2.02E-05,0.021678079,96,247656.1057,4451,17972.50259,0.059573581,0,0.940426419,0,0,0,0,7845.822594,1147.600665,0.146269005,2253.919504,0.287276379,0,0,0,0,162.6918432,0.02073611,3937.140667,0.501813624,0,0,0.011714068,0.010842027,0.082873351,0.031989541,0.224150946,0.258708419,0.123856959,0.891891892,0,0.013513514,0,0.135135135,2016south,los laches,4,0.898674455
982,8,Kennedy,SIN LEGALIZAR,abraham lincon,80334,4.28E-06,0.008788376,47,52556.00249,1176,22376.13106,0.16237563,0,0,0.83762437,0,0,0,1569.634526,480.296925,0.305992839,0,0,0,0,0,0,935.9527706,0.596287069,0,0,129.2606507,0.082350795,0.012002089,0.003857644,0.096333622,0.043283956,0.308656733,0.268294422,0.057477422,1.466666667,0.044444444,0.044444444,0.022222222,0.066666667,2016central,abraham lincon,1,0.850340136
2535,12,Barrios Unidos,LEGALIZADO,la libertad,120023,1.28E-05,0.016269192,22,157038.2852,4813,30648.57715,0.009003714,0,0,0.990996286,0,0,0,5142.797364,2602.711095,0.506088596,1836.428079,0.357087388,0,0,0,0,432.3816235,0.084075182,230.8645819,0.044890857,0,0,0.001212143,0.00069148,0.051880582,0.034372286,0.395986561,0.226955847,0.025796388,0.663265306,0.030612245,0.010204082,0,0.836734694,2016north,la libertad,4,0.831082485
2589,3,Santa Fe,LEGALIZADO,samper,30042,1.72E-05,0.0182889,91,211179.4128,4916,23278.7843,0.019388016,0,0,0.131166242,0.849445742,0,0,6273.731643,1993.315565,0.317724072,4209.191386,0.670923085,0,0,0,0,0,0,7.391753042,0.001178207,0,0,0.018818438,0.009511597,0.102270675,0.07229559,0.308346908,0.123162519,0.130926996,2.498233216,0.219081272,0.134275618,0.003533569,0.219081272,2016central,samper,4,0.81366965
2489,1,Usaquén,SIN LEGALIZAR,s.c. el verbenal,10173,6.51E-06,0.016917597,9,79883.47207,1325,16586.66011,0,0,0,0.433565267,0.566434733,0,0,2191.167175,2.348886479,0.00107198,275.4030289,0.125687822,0,0,393.3277369,0.179506037,0,0,483.2032266,0.220523213,279.865951,0.1277246,0.094179046,0.018724736,0.093011839,0.053845425,0.116751402,0.287747586,0.133664759,0.804597701,0.206896552,0.011494253,0,0.114942529,2016north,s.c. el verbenal,1,0.754716981
3038,14,Los Mártires,LEGALIZADO,la pepita,140011,1.88E-05,0.021732498,102,230908.7912,1326,5742.527139,0.10867483,0,0,0.89132517,0,0,0,5728.249177,2405.162561,0.419877433,3109.999122,0.542923156,0,0,0,0,0,0,0,0,213.087494,0.037199411,0.012265952,0.002499564,0.090499044,0.0552453,0.395350855,0.180200048,0.028397194,2.49339207,0.022026432,0.039647577,0,0.22907489,2016south,la pepita,1,0.754147813
3370,16,Puente Aranda,SIN LEGALIZAR,villa sonia,160070,1.14E-05,0.015426607,41,140298.0955,1333,9501.198113,0.021006378,0,0,0.9670841,0.011909522,0,0,5816.281308,1305.793422,0.224506579,1296.01965,0.222826163,0,0,979.766311,0.16845236,595.4553059,0.102377322,439.5191369,0.075567036,1109.448445,0.19074876,0.018625071,0.005673186,0.118642637,0.029794973,0.220191381,0.142253628,0.174768593,0.424778761,0.008849558,0.03539823,0,1.212389381,2016south,villa sonia,1,0.750187547
1086,8,Kennedy,SIN LEGALIZAR,san andrés,80253,1.29E-05,0.021168618,45,158593.7394,4091,25795.46971,0.025878943,0,0.489780877,0.48434018,0,0,0,3419.460924,1407.489788,0.411611602,1108.185939,0.32408206,0,0,26.38212177,0.007715287,147.2203073,0.04305366,0,0,472.9870372,0.138322106,0.021158233,0.041532524,0.097107835,0.078307291,0.332973476,0.230179515,0.039885515,1.165048544,0.029126214,0,0,0.13592233,2016south,san andrés,3,0.733317037
3358,6,Tunjuelito,LEGALIZADO,tunjuelito,60031,3.54E-05,0.024939467,62,434996.4574,9984,22951.91106,0.04204201,0,0.95795799,0,0,0,0,12249.45582,5487.980749,0.448018331,6282.504386,0.512880285,0,0,11.38576528,0.000929492,429.1063346,0.035030645,0,0,0,0,0.011049776,0.008642171,0.073185111,0.045709811,0.355275271,0.149659361,0.00881675,1.026315789,0.065789474,0.023684211,0,0.431578947,2016south,tunjuelito,7,0.701121795
1175,8,Kennedy,LEGALIZADO,castilla,80047,2.68E-05,0.021413238,46,328680.6874,4301,13085.64867,0.210569988,0,0,0.789430012,0,0,0,10031.52652,5411.293042,0.539428674,2814.070526,0.280522662,0,0,615.2036847,0.061327026,0,0,9.500565986,0.000947071,1181.458696,0.117774567,0.015648621,0.0016318,0.113365121,0.041441732,0.198303605,0.336808032,0.070226079,1.2,0.073684211,0.1,0,0.152631579,2016central,castilla,3,0.697512206
3232,9,Fontibón,LEGALIZADO,centro fontibón,90017,3.60E-05,0.02637461,75,441720.7202,5786,13098.77426,0.063923743,0,0,0.936076257,0,0,0,9982.63221,5063.483347,0.50722928,3639.364051,0.364569582,0,0,596.7655176,0.059780377,60.62773445,0.006073321,2.115120476,0.00021188,454.9578103,0.045574935,0,0,0.08879225,0.102828,0.34885225,0.2488165,0.041915,0.5,0,0.25,0,0.25,2016central,centro fontibón,4,0.691323885
836,1,Usaquén,LEGALIZADO,california,10044,3.60E-06,0.008313575,11,44223.57857,1449,32765.32671,0,0,0,1,0,0,0,1212.738579,323.7844,0.266986147,587.7861635,0.484676726,0,0,0,0,0,0,0,0,301.1680151,0.248337128,0.007783152,0.002023848,0.085970242,0.088205303,0.329116333,0.214680394,0.02340603,1.454545455,0.121212121,0.121212121,0,0.121212121,2016north,california,1,0.690131125
308,4,San Cristóbal,LEGALIZADO,san vicente,40189,7.33E-06,0.012117617,32,89997.59292,2933,32589.76051,0.026448635,0,0.973551365,0,0,0,0,2734.447468,1169.842299,0.427816702,1339.942011,0.490022948,0,0,0,0,2.539572301,0.000928733,212.9561882,0.077879056,0,0,0.014032615,0.014390231,0.106444385,0.010183,0.259694,0.209612538,0.067530923,0.846153846,0,0.076923077,0,0.923076923,2016south,san vicente,2,0.68189567
3634,3,Santa Fe,LEGALIZADO,lourdes,30029,7.65E-06,0.013848839,96,93908.08763,2991,31850.29187,0.104176866,0,0.895823134,0,0,0,0,2775.864117,748.7492426,0.269735553,1483.412421,0.534396627,0,0,0,0,0,0,405.6484242,0.146134107,0,0,0.005694306,0.008722972,0.050371778,0.04799025,0.335851278,0.200365389,0.019807167,0.583333333,0,0.083333333,0,0.194444444,2016south,lourdes,2,0.668672685
550,9,Fontibón,LEGALIZADO,puerta de teja,90088,6.25E-06,0.010494578,115,76696.06983,1517,19779.37075,0.084378527,0,0,0.915621473,0,0,0,2399.45674,1033.99262,0.430927803,636.8556897,0.265416617,0,0,503.7769735,0.209954597,0.661089603,0.000275516,223.4483239,0.093124548,0,0,0.018314556,0.010995111,0.152353889,0.005343111,0.234422556,0.263963444,0.109253556,0.555555556,0,0,0,0.555555556,2016north,puerta de teja,1,0.659195781
1460,19,Ciudad Bolívar,SIN LEGALIZAR,urb. las quintas,190256,2.80E-06,0.010794593,67,34343.01107,1532,44608.78509,0.28544154,0,0.71455846,0,0,0,0,1896.714318,1121.118107,0.591084327,675.7359084,0.356266572,0,0,0,0,51.73453509,0.027275871,0,0,0,0,0.0424395,0.0710895,0.067706,0.0625375,0.1488235,0.32177375,0.002926,1.25,0,0,0,0.5,2016south,urb. las quintas,1,0.652741514
2531,14,Los Mártires,LEGALIZADO,san victorino,140017,1.25E-05,0.014479855,102,152973.3227,1540,10067.11479,0,0,0.217231518,0.782768482,0,0,0,3563.627665,1019.290184,0.286026005,1560.995616,0.438035553,0,0,0,0,0,0,0,0,983.3418646,0.275938442,0.023114795,0.007587248,0.121316479,0.039645282,0.333586889,0.214255795,0.025945709,1.299145299,0.051282051,0.162393162,0,0.205128205,2016south,san victorino,1,0.649350649
1081,8,Kennedy,LEGALIZADO,maria paz,80186,2.99E-05,0.024959923,80,366370.2433,12444,33965.64057,0.149897302,0,0.753475217,0.096627481,0,0,0,14592.75709,3415.833494,0.234077321,4368.621242,0.299369147,0,0,1955.02467,0.133972262,2356.773664,0.161502974,2484.841771,0.170279115,0,0,0.04452611,0.014216247,0.073069087,0.036640653,0.206539196,0.193207187,0.012822635,0.876712329,0.03652968,0.054794521,0,0.566210046,2016central,maria paz,8,0.642880103
3498,18,Rafael Uribe,SIN LEGALIZAR,s.c. olaya,180138,2.86E-05,0.022355378,39,350815.7575,4723,13462.90723,0.251884527,0,0,0.748115473,0,0,0,8365.53757,3081.794118,0.368391642,5212.042248,0.623037337,0,0,0,0,4.337188346,0.000518459,0,0,0,0,0.005447199,0.012730018,0.115680376,0.046397982,0.235229787,0.281456729,0.059084362,2.298642534,0.081447964,0.085972851,0,0.34841629,2016south,s.c. olaya,3,0.635189498
229,8,Kennedy,SIN LEGALIZAR,carvajal,80041,9.19E-05,0.073666748,45,1127769.813,14557,12907.77588,0.071601739,0,0,0.928398261,0,0,0,28787.46561,10642.10015,0.369678258,13264.59199,0.460776651,0,0,2576.25607,0.089492285,373.6767386,0.012980536,0,0,1896.355311,0.06587434,0.025545,0.005121084,0.119502463,0.046892227,0.282294216,0.240130484,0.052350375,1.239215686,0.121568627,0.078431373,0.001960784,0.170588235,2016central,carvajal,9,0.618259257
1354,19,Ciudad Bolívar,LEGALIZADO,meissen,190128,1.04E-05,0.020272333,67,127132.8896,1646,12947.08242,0.3164582,0.057208952,0.626332848,0,0,0,0,3157.563391,1046.48059,0.331420295,1414.238297,0.447889123,0,0,42.3029993,0.013397356,58.63887127,0.018570924,0,0,485.5651395,0.15377843,0.049612809,0.012897383,0.067493149,0.046987128,0.239462064,0.242802404,0.068488,1.042553191,0,0.042553191,0,0.531914894,2016south,meissen,1,0.607533414
2676,2,Chapinero,LEGALIZADO,el refugio,20030,1.64E-05,0.018267874,88,200871.6927,1646,8194.285505,0.068797548,0,0,0,0,0,0.931202452,4853.353137,438.2110834,0.090290377,1988.687149,0.409755295,0,0,635.6113021,0.130963333,1245.009229,0.25652558,0,0,19.39017024,0.003995211,0.009975248,0.028747324,0.106996162,0.026654483,0.169492876,0.139224333,0.167247457,0.244444444,0.053968254,0.085714286,0,0.095238095,2016central,el refugio,1,0.607533414
24,4,San Cristóbal,LEGALIZADO,la nueva gloria,40079,1.47E-05,0.018126494,51,180889.3706,4973,27491.94153,0.125566505,0,0.874433495,0,0,0,0,6220.927186,2771.153405,0.445456653,1090.546921,0.175302955,0,0,0,0,1070.789211,0.172126948,921.3573427,0.148106113,0,0,0.017263883,0.023609172,0.055295189,0.046558589,0.409195733,0.227146567,0.074510244,0.561111111,0,0.055555556,0,0.027777778,2016south,la nueva gloria,3,0.603257591
2293,11,,LEGALIZADO,villa elisa,110800,8.18E-06,0.029676719,28,100353.7728,3329,33172.64421,0,0,0.109222352,0.890777648,0,0,0,2881.985248,1602.257552,0.555956195,1201.037089,0.416739499,0,0,0,0,0,0,0,0,78.69060709,0.027304306,0.015825838,0.010432149,0.075993,0.074175365,0.423484986,0.158510405,0.034284338,2.108108108,0,0.081081081,0,0.094594595,2016north,villa elisa,2,0.600781015
3298,12,Barrios Unidos,LEGALIZADO,juan xxiii,120015,1.54E-05,0.018049365,98,189486.2957,1691,8924.128229,0.040535658,0,0,0.959464342,0,0,0,6320.259262,1878.94657,0.297289477,1585.665373,0.250886128,0,0,1026.630774,0.162434915,0,0,0,0,1822.889799,0.288420099,0.012812211,0.003211711,0.093107934,0.041596337,0.299697789,0.272794886,0.024860277,0.78313253,0.042168675,0.096385542,0,0.5,2016central,juan xxiii,1,0.591366056
857,12,Barrios Unidos,LEGALIZADO,quinta mutis,120047,1.29E-05,0.015277883,98,158580.7736,1692,10669.64148,0.263182084,0,0,0.736817916,0,0,0,3370.141815,1189.509976,0.352955466,966.3280496,0.286732162,0,0,525.1096036,0.155812317,0,0,0,0,689.1941866,0.204500055,0.008849689,0.011915018,0.107232045,0.041791586,0.225535662,0.271933833,0.093826441,1.603603604,0.040540541,0.148648649,0,0.117117117,2016central,quinta mutis,1,0.591016548
1070,8,Kennedy,LEGALIZADO,el amparo,80082,2.07E-05,0.022219851,80,253724.639,12234,48217.62699,0.0745725,0,0.9254275,0,0,0,0,10617.58337,5002.323045,0.471135744,5129.908627,0.483152187,0,0,0,0,0,0,485.351701,0.045712069,0,0,0.002608542,0.003138854,0.067079849,0.036530349,0.515431802,0.111626365,0.002180443,2.484375,0.03125,0.145833333,0.015625,0.171875,2016central,el amparo,7,0.572175903
881,13,Teusaquillo,SIN LEGALIZAR,santa clara,130050,3.83E-06,0.009662658,107,47022.21438,1882,40023.63616,0.167627729,0,0,0,0.832372271,0,0,1115.38453,158.7792551,0.142353826,698.1631489,0.625939423,0,0,0,0,0,0,0,0,194.5852293,0.174455736,0.032314942,0.016885538,0.122410346,0.058277058,0.280953654,0.14799875,0.201301423,1.346153846,0.019230769,0.019230769,0,0.019230769,2016central,santa clara,1,0.531349628
580,4,San Cristóbal,LEGALIZADO,san josé oriental,40182,5.39E-06,0.014224703,50,66196.91306,1901,28717.35119,0.111582838,0,0.888417162,0,0,0,0,2320.733455,1230.684206,0.530299679,938.4229434,0.40436481,0,0,0,0,73.54361879,0.031689817,0,0,0,0,0.000139857,0,0.166223571,0.035009143,0.307065143,0.254709,0.042359286,2,0,0.428571429,0,1.857142857,2016south,san josé oriental,1,0.526038927
3861,15,Antonio Nariño,LEGALIZADO,policarpa salavarrieta,150011,1.10E-05,0.013473192,35,135572.6537,5973,44057.55762,0.09202937,0,0.90797063,0,0,0,0,4576.366233,1852.779061,0.404858127,2723.587172,0.595141873,0,0,0,0,0,0,0,0,0,0,0.018437258,0.004582424,0.137555727,0.04275297,0.287886061,0.262123303,0.023457167,2.287878788,0.060606061,0.136363636,0,0.075757576,2016south,policarpa salavarrieta,3,0.502260171
3260,3,Santa Fe,LEGALIZADO,san diego,30044,2.08E-05,0.022283151,91,254908.6442,2036,7987.175197,0.498327074,0,0,0.151546347,0.350126578,0,0,7738.258396,2747.656736,0.355074307,4364.69908,0.564041527,0,0,0,0,0,0,0,0,0,0,0.009595926,0.029383141,0.097782104,0.066559759,0.299678463,0.134983467,0.095212293,3.2,0.17037037,0.081481481,0,0.17037037,2016central,san diego,1,0.491159136
1011,8,Kennedy,LEGALIZADO,class,80076,2.11E-05,0.019757465,81,259494.3114,6213,23942.72139,0.027881307,0,0.972118693,0,0,0,0,7493.266855,2536.814338,0.338545842,3884.586697,0.518410297,0,0,822.5737519,0.109775051,0,0,1.192409766,0.000159131,244.4915284,0.032628162,0,0,0.1807196,0.0310818,0.1109136,0.2655158,0.0965446,0.6,0,0.2,0,0,2016central,class,3,0.482858522
3300,12,Barrios Unidos,LEGALIZADO,12 de octubre,120007,2.89E-05,0.029428719,22,354822.9723,4163,11732.61126,0.095347039,0,0,0.904652961,0,0,0,9975.127192,2108.341431,0.211359854,3823.609084,0.383314319,0,0,2075.993803,0.208117026,641.3661997,0.064296544,243.8107122,0.024441865,1004.555822,0.100706066,0.006186753,0.012573473,0.07409444,0.04958222,0.330727324,0.240725033,0.023246753,1.153846154,0.021978022,0.038461538,0,0.230769231,2016central,12 de octubre,2,0.480422772
3737,11,,LEGALIZADO,villas del rincón,110817,3.49E-06,0.008787565,28,42822.75789,2085,48689.06401,0.405562496,0,0.594437504,0,0,0,0,1636.271497,869.900766,0.531635959,766.3707308,0.468364041,0,0,0,0,0,0,0,0,0,0,0.018662081,0.003977568,0.121751541,0.050283189,0.304638027,0.266513432,0.05912973,0.972972973,0.135135135,0.027027027,0,0.054054054,2016north,villas del rincón,1,0.479616307
1155,8,Kennedy,SIN LEGALIZAR,ciudad kennedy supermanzana 8,80073,2.37E-05,0.021071715,47,290849.999,6421,22076.6719,0.104231202,0,0,0.895768798,0,0,0,8506.558902,4329.37881,0.508945963,2483.729194,0.291978134,0,0,0,0,1650.274405,0.194000232,0,0,0,0,0.011152127,0.006808,0.104905989,0.037710431,0.265271376,0.149259906,0.089111376,0.861878453,0.038674033,0.082872928,0,1.011049724,2016central,ciudad kennedy supermanzana 8,3,0.467216944
379,1,Usaquén,LEGALIZADO,san,10190,5.80E-06,0.011517563,14,71132.99379,2149,30211.01581,0,0,0.002345003,0.00307292,0.994582078,0,0,1252.426528,679.1168027,0.542240832,412.3343053,0.329228339,0,0,160.9754204,0.128530829,0,0,0,0,0,0,0.0678941,0.12591305,0.1194613,0.05017345,0.171183,0.1290822,0.19239315,0.25,0,0,0,0,2016north,san,1,0.465332713
3052,16,Puente Aranda,LEGALIZADO,remanso,160049,1.60E-05,0.028906114,40,196633.8686,2234,11361.21674,0.424665737,0,0,0.575334263,0,0,0,4594.602414,277.5757155,0.060413435,1593.815639,0.346888696,0,0,45.19899405,0.009837411,1343.244567,0.292352732,1047.248563,0.227930182,219.3826927,0.047747917,0.015015324,0.007233514,0.114832162,0.063454757,0.279745784,0.306705,0.065930568,1.162162162,0,0.135135135,0,0,2016south,remanso,1,0.447627574
479,5,Usme,LEGALIZADO,chapinerito,50032,5.05E-06,0.010597274,59,62015.20786,2256,36378.17364,0.27391945,0.694333521,0.031747029,0,0,0,0,2544.210704,1287.690864,0.506125873,1256.51984,0.493874127,0,0,0,0,0,0,0,0,0,0,0.00194325,0.003527875,0.091907125,0.02389475,0.142133375,0.2018735,0.124533875,0.5,0.125,0,0,0,2016south,chapinerito,1,0.443262411
690,6,Tunjuelito,SIN LEGALIZAR,laguneta,60012,7.00E-06,0.014448065,42,85948.89942,2347,27306.92325,0,0,0,1,0,0,0,2669.199658,227.2639507,0.085143106,1087.947253,0.407593059,0,0,0,0,453.7031698,0.169977232,792.2722501,0.296820153,0,0,0.0200245,0.0056265,0.060709083,0.07834,0.408170083,0.201805167,0.035661917,1,0.166666667,0,0,0,2016south,laguneta,1,0.426075841
3292,16,Puente Aranda,LEGALIZADO,puente aranda,160048,6.18E-05,0.034346015,111,757962.0805,2352,3103.057607,0.38521317,0,0,0.61478683,0,0,0,12735.55396,2970.661913,0.233257377,4424.297416,0.347397328,0,0,1531.355956,0.120242587,0,0,218.9578571,0.017192645,3000.989847,0.235638737,0.015280908,0.014884761,0.128110974,0.037899083,0.177584001,0.257625979,0.095094866,0.769670959,0.054363376,0.223175966,0,0.110157368,2016central,puente aranda,1,0.425170068
3305,12,Barrios Unidos,LEGALIZADO,entrerios,120010,1.50E-05,0.021186284,21,183709.6975,2425,13200.17415,0.04448182,0,0,0,0.95551818,0,0,3629.923199,957.3819059,0.263747152,1247.22008,0.343594068,0,0,33.37273472,0.009193785,85.58000945,0.023576259,8.886825849,0.002448213,1183.886792,0.326146512,0.001482375,0.003882563,0.150281938,0.04022825,0.144860125,0.300517938,0.13723075,0.6875,0.125,0,0,0.375,2016north,entrerios,1,0.412371134
3283,9,Fontibón,LEGALIZADO,modelia,90073,3.06E-05,0.024203244,114,375923.4383,4872,12960.08576,0.077162061,0,0,0,0.922837939,0,0,10044.35162,3627.019132,0.361100374,3573.287508,0.355750938,0,0,1314.780134,0.130897462,667.4829557,0.066453563,0,0,837.7835462,0.083408425,0.030377712,0.017977988,0.103139846,0.059378023,0.202069765,0.253998723,0.160876285,0.569230769,0.023076923,0.038461538,0,0.107692308,2016central,modelia,2,0.410509031
2847,18,Rafael Uribe,SIN LEGALIZAR,s.c. ingles,180127,3.08E-05,0.029139277,39,377988.7099,9802,25931.99147,0.031142927,0,0,0.968857073,0,0,0,10658.66662,3570.464471,0.334982282,5486.714003,0.514765514,0,0,0,0,0,0,1566.691234,0.146987544,0,0,0.002766773,0.018835833,0.11983875,0.049827273,0.319012636,0.236872742,0.03899753,1.356060606,0.083333333,0.212121212,0,0.424242424,2016south,s.c. ingles,4,0.408079984
3013,12,Barrios Unidos,LEGALIZADO,siete de agosto,120061,1.97E-05,0.018038908,98,241764.2169,2495,10319.97221,0.022545671,0,0,0.977454329,0,0,0,6441.526102,2783.824473,0.432168469,2709.434334,0.420619942,0,0,882.4985963,0.137001478,0,0,65.76869861,0.010210111,0,0,0.001616472,0.000608374,0.094459459,0.048128399,0.373736101,0.161321418,0.052318189,2.034591195,0.047169811,0.075471698,0,0.254716981,2016central,siete de agosto,1,0.400801603
537,10,Engativá,LEGALIZADO,las ferias,100115,4.27E-05,0.033418306,26,523500.9779,7634,14582.58976,0.216055398,0,0,0.783944602,0,0,0,12063.50166,3548.955467,0.294189495,4818.592162,0.399435611,0,0,1126.530933,0.093383411,207.4734775,0.017198446,0,0,2361.949624,0.195793037,0.038984573,0.004092018,0.095921639,0.038534551,0.271765693,0.263213686,0.064015489,0.49270073,0.032846715,0.091240876,0,0.667883212,2016north,las ferias,3,0.392978779
1314,19,Ciudad Bolívar,LEGALIZADO,arborizadora baja,190010,2.35E-05,0.021549395,65,287892.5036,10181,35363.89407,0.628122683,0,0.371877317,0,0,0,0,11668.79053,3204.361888,0.274609599,3510.053627,0.300806979,0,0,0,0,2566.522716,0.219947621,521.4072645,0.044683917,1800.209788,0.154275611,0.008752604,0.013542237,0.122897376,0.032507229,0.241575918,0.266327641,0.124095314,1.473469388,0.036734694,0.028571429,0,0.106122449,2016south,arborizadora baja,4,0.392888714
3502,18,Rafael Uribe,LEGALIZADO,gustavo restrepo,180053,4.08E-05,0.03242916,36,500477.8203,13143,26260.90401,0.145624563,0,0.035340124,0.819035313,0,0,0,17015.26775,7825.37464,0.459903115,8787.19271,0.516429882,0,0,0,0,0.27969549,1.64E-05,300.9037793,0.01768434,0,0,0.00604061,0.003524292,0.103929651,0.03771013,0.255458879,0.298044286,0.051623594,1.834920635,0.028571429,0.063492063,0,0.311111111,2016south,gustavo restrepo,5,0.380430647
3356,6,Tunjuelito,LEGALIZADO,san benito,60022,4.51E-05,0.028521856,62,553078.971,8153,14741.11371,0.037365711,0,0.962634289,0,0,0,0,13840.55666,5212.635346,0.376620354,7653.157156,0.552951543,0,0,0,0,0,0,0,0,41.99789825,0.003034408,0.009585889,0.030068959,0.074390872,0.040869101,0.370302524,0.207505074,0.035776764,0.692567568,0.070945946,0.054054054,0,0.114864865,2016south,san benito,3,0.367962713
906,18,Rafael Uribe,SIN LEGALIZAR,los pijaos,180083,8.89E-06,0.012263496,36,109129.581,2718,24906.17095,0.325876521,0,0,0.674123479,0,0,0,4409.63408,1469.11701,0.333160753,2622.52442,0.594726087,0,0,0,0,7.464700432,0.001692816,258.6741917,0.058661147,0,0,0.0327878,0.03041364,0.1228748,0.0206562,0.14242128,0.35485264,0.1139422,1.2,0,0.12,0,0.08,2016south,los pijaos,1,0.367917586
692,6,Tunjuelito,LEGALIZADO,venecia,60032,3.63E-05,0.02535811,42,445509.275,11221,25186.90548,0.061773686,0,0,0.938226314,0,0,0,13367.35288,802.0499366,0.060000656,4665.073819,0.3489901,0,0,45.53268987,0.003406261,668.1348305,0.049982583,7012.836819,0.524624201,0,0,0.006023195,0.005772834,0.088170134,0.06761786,0.428175041,0.180042428,0.043921834,2.330628803,0.038539554,0.056795132,0.002028398,0.139959432,2016south,venecia,4,0.356474468
1030,8,Kennedy,LEGALIZADO,pastranita i sector,80216,6.68E-06,0.011488526,81,81939.2388,2851,34794.07475,0.002098646,0,0.997901354,0,0,0,0,3107.723837,1544.755924,0.497069883,844.8931246,0.271868792,0,0,700.4266514,0.225382527,0,0,0,0,0,0,0.125063045,8.05E-05,0.331634364,0.011425273,0.131308864,0.200861045,0.109454227,0.545454545,0.136363636,0,0,0.045454545,2016central,pastranita i sector,1,0.350754121
3549,11,,LEGALIZADO,el carmen,110152,1.01E-05,0.017749881,28,124292.4022,5871,47235.38927,0,0,1,0,0,0,0,3633.31024,1548.698414,0.426249979,1764.516788,0.485649909,0,0,0,0,285.3540648,0.078538315,0,0,0,0,0.013485239,0.000336543,0.052128848,0.074547326,0.56969563,0.109517065,0.000290065,1.956521739,0.108695652,0,0,0.02173913,2016north,el carmen,2,0.340657469
521,9,Fontibón,LEGALIZADO,kasandra,90058,5.86E-06,0.010187562,77,71835.41757,2937,40885.12463,0.155324091,0,0.844675909,0,0,0,0,2511.073997,1281.519302,0.510347088,914.6560481,0.364248943,0,0,0,0,0,0,231.9319203,0.092363634,58.8079661,0.023419448,0.011374625,0.004969,0.150576625,0.008008125,0.0438755,0.367405875,0.003371,0.5,0.375,0.625,0,0.25,2016north,kasandra,1,0.340483487
1362,19,Ciudad Bolívar,LEGALIZADO,arborizadora alta,190009,9.82E-05,0.064741648,70,1205219.49,22086,18325.29277,0.544027507,0.455972493,0,0,0,0,0,43216.8379,12831.34378,0.296906123,11724.26024,0.271289174,0,0,0,0,9033.113157,0.209018373,5247.693226,0.121427052,0,0,0.028581077,0.028019308,0.098665846,0.007442308,0.120126538,0.399678923,0.089356769,0.769230769,0.153846154,0.076923077,0,0,2016south,arborizadora alta,7,0.31694286
2843,18,Rafael Uribe,SIN LEGALIZAR,s.c. claret,180124,3.00E-05,0.02363127,39,367658.9318,9585,26070.35807,0.05803315,0,0,0.94196685,0,0,0,9603.287329,3186.505697,0.331814054,3747.01679,0.390180639,0,0,0,0,682.9569857,0.071117,1986.807856,0.206888307,0,0,0.007348831,0.003041914,0.092349598,0.022859025,0.275606211,0.180339055,0.047462283,1.094182825,0.041551247,0.08033241,0,1.005540166,2016south,s.c. claret,3,0.312989045
1080,8,Kennedy,LEGALIZADO,pió xii,80228,1.44E-05,0.02007732,46,176633.3579,3236,18320.43527,0.026949557,0,0,0.973050443,0,0,0,6086.909607,2022.49855,0.33227018,977.5612685,0.160600589,0,0,223.3768464,0.036697908,399.5373222,0.06563878,187.8518282,0.03086161,1465.580928,0.240775865,0.014989154,0.003746821,0.086269474,0.066464487,0.383616423,0.219331487,0.019399974,1.397435897,0.064102564,0.076923077,0,0.076923077,2016central,pió xii,1,0.309023486
3577,11,,LEGALIZADO,prado pinzon,110438,2.47E-05,0.023509324,19,303307.2641,6479,21361.17649,0.029274691,0,0,0.965704108,0.005021201,0,0,7556.968981,2543.806614,0.336617316,2727.936297,0.360982863,0,0,1598.102114,0.211473954,0.236695729,3.13E-05,0,0,625.6564213,0.08279198,0.022947278,0.010871019,0.072879057,0.075673598,0.327401072,0.22127088,0.074268794,0.966507177,0.04784689,0.038277512,0,0.129186603,2016north,prado pinzon,2,0.308689613
3532,11,,LEGALIZADO,granada norte,110225,1.01E-05,0.023035039,18,124296.5669,3274,26340.2287,0,0,0,1,0,0,0,3715.886071,1428.224536,0.384356385,1319.775292,0.355171086,0,0,967.8862436,0.260472529,0,0,0,0,0,0,0.035213957,0.040668848,0.102185587,0.045389761,0.258873022,0.1465605,0.117061674,0.5,0.043478261,0,0,0.086956522,2016north,granada norte,1,0.305436775
2533,14,Los Mártires,LEGALIZADO,veraguas,140023,1.65E-05,0.019003991,37,202192.3572,3334,16489.24839,0.020056157,0,0,0.979943843,0,0,0,7080.695614,2490.787867,0.351771634,2292.663067,0.323790654,0,0,1869.468955,0.264023347,0,0,0,0,372.7636877,0.052645066,0.00743958,0.007514655,0.12351758,0.056308092,0.256148521,0.268655235,0.044004361,1.176470588,0.067226891,0.109243697,0,0.134453782,2016south,veraguas,1,0.299940012
2687,10,Engativá,LEGALIZADO,el real,100277,1.19E-05,0.015439194,31,145845.3413,3355,23003.82015,0.064709167,0,0,0.935290833,0,0,0,3521.783433,1648.036902,0.467955209,1331.366435,0.378037565,0,0,492.3268625,0.139794758,0,0,0,0,0,0,0.003438013,0.008094551,0.045288077,0.049880026,0.396204474,0.175897423,0.047795026,0.474358974,0.012820513,0.025641026,0,0.243589744,2016north,el real,1,0.298062593
2972,2,Chapinero,SIN LEGALIZAR,s.c. granada,20072,1.50E-05,0.019662681,90,184311.2178,3417,18539.29479,0.002219792,0,0.049871304,0,0.903453582,0.044455322,0,4555.998841,2263.888786,0.496902845,1561.43842,0.342721426,0,0,408.3596235,0.089631196,208.7151777,0.045811069,0,0,0,0,0.02095492,0.01335808,0.1328015,0.07065766,0.23586862,0.18065102,0.05243454,0.88,0,0.1,0,0.06,2016central,s.c. granada,1,0.292654375
216,12,Barrios Unidos,LEGALIZADO,polo club,120040,4.00E-05,0.034046296,98,490489.3199,3492,7119.421073,0.049376736,0,0,0,0.950623264,0,0,15361.96576,3912.653282,0.254697435,3594.791094,0.234005931,0,0,6368.531083,0.414564853,0,0,0,0,1329.156523,0.086522555,0.016901281,0.014875198,0.15676674,0.033511552,0.054339531,0.371575385,0.111905313,0.375,0.15625,0.1875,0,0.09375,2016north,polo club,1,0.286368843
3712,8,Kennedy,LEGALIZADO,timiza,80276,7.05E-05,0.055188582,48,865592.7776,14297,16517.00473,0.150483698,0,0,0.849516302,0,0,0,24628.16402,9593.124276,0.38951845,9672.521234,0.392742278,0,0,0,0,1973.590307,0.080135503,1638.39836,0.066525396,0,0,0.019760615,0.022335492,0.178226754,0.0781268,0.117301877,0.218089538,0.164889108,1.630769231,1.4,0.076923077,0,0.261538462,2016central,timiza,4,0.279778975
3850,15,Antonio Nariño,SIN LEGALIZAR,ciudad jardín del sur,150004,5.19E-05,0.031232539,35,637457.3732,10811,16959.56538,0.045079871,0,0,0.954920129,0,0,0,21159.00366,9367.38193,0.442713753,10097.88455,0.477238187,0,0,0,0,452.6783012,0.021394122,91.40533494,0.004319926,0,0,0.029633,0.005774595,0.125035753,0.040072555,0.206355542,0.26624065,0.129104167,1.46835443,0.016877637,0.061181435,0,0.339662447,2016south,ciudad jardín del sur,3,0.277495144
3053,16,Puente Aranda,SIN LEGALIZAR,santa matilde,160058,1.12E-05,0.018677674,40,137845.6306,3685,26732.80237,0.164537063,0,0,0.835462937,0,0,0,4901.083394,1955.304888,0.398953605,1577.41997,0.321851281,0,0,1124.750817,0.229490243,8.399433408,0.001713791,0,0,223.2874571,0.045558796,0.020235291,0.004439961,0.084999858,0.077582346,0.337457276,0.251515362,0.07606737,0.94488189,0.031496063,0.05511811,0,0.05511811,2016south,santa matilde,1,0.271370421
3293,16,Puente Aranda,LEGALIZADO,san rafael,160055,8.08E-06,0.011676272,43,99122.09917,3750,37832.12857,0.001659728,0,0,0.998340272,0,0,0,3029.740986,764.9401469,0.252477077,1888.169288,0.623211455,0,0,376.6315511,0.124311468,0,0,0,0,0,0,0.012031482,0.002909,0.104570109,0.056298827,0.468900736,0.162927655,0.025906073,0.590909091,0.027272727,0.009090909,0,0.118181818,2016central,san rafael,1,0.266666667
3582,11,,LEGALIZADO,villa del prado,110798,5.77E-05,0.036183798,17,707446.1462,7501,10602.92722,0.395574156,0,0,0,0.604388593,3.73E-05,0,16597.22291,8301.881351,0.500197015,5044.904231,0.303960744,0,0,2621.456563,0.157945493,0,0,0,0,1.779031644,0.000107189,0.00988933,0.003603726,0.144231096,0.030143204,0.12549593,0.279063133,0.169029044,0.77037037,0.044444444,0.007407407,0,0.096296296,2016north,villa del prado,2,0.266631116
3284,16,Puente Aranda,LEGALIZADO,barcelona,160003,1.11E-05,0.017364905,43,136613.4669,3968,29045.45276,0.102196163,0,0,0.897803837,0,0,0,3701.528699,1778.770045,0.480550116,938.9196325,0.253657261,0,0,565.4304008,0.152755914,0,0,0,0,355.3961507,0.096013345,0.017247299,0.004424054,0.094382636,0.042334804,0.309931266,0.186951288,0.091610734,0.831521739,0.114130435,0.065217391,0,0.239130435,2016central,barcelona,1,0.252016129
2711,2,Chapinero,SIN LEGALIZAR,s.c. chapinero norte,20062,2.22E-05,0.021123733,99,272832.9279,4240,15540.64618,0.114059816,0,0,0.457003267,0.428936917,0,0,6645.083451,2451.571581,0.368930142,1814.425099,0.273047752,0,0,1697.116732,0.255394344,0,0,67.66979909,0.010183439,614.3002401,0.092444323,0.007374347,0.006205908,0.097378326,0.053271967,0.310364565,0.156662828,0.075799598,2.175732218,0.071129707,0.171548117,0.0041841,0.238493724,2016central,s.c. chapinero norte,1,0.235849057
2374,11,,SIN LEGALIZAR,campanella,110088,8.80E-06,0.01703644,27,107945.8817,4305,39881.09533,0,0,0.438267788,0.56163313,9.91E-05,0,0,1254.137761,437.5994997,0.348924587,589.3808287,0.469949034,0,0,0,0,0,0,0,0,226.5107873,0.180610771,0.038196125,0.023806938,0.1249935,0.080827875,0.160515625,0.119155,0.274697375,1.875,0.0625,0.1875,0,0.125,2016north,campanella,1,0.232288037
323,11,,LEGALIZADO,nuevo corinto,110406,1.98E-05,0.022033548,28,242460.0778,8746,36071.91782,0.088634711,0,0.836675915,0.074689374,0,0,0,7873.741907,4488.189089,0.570019838,2133.760957,0.270997066,0,0,900.6514611,0.114386714,70.21915462,0.008918143,0,0,0,0,0.010747767,0.002236589,0.154052521,0.049268562,0.164963123,0.266165658,0.171225164,0.794520548,0.04109589,0.178082192,0,0.082191781,2016north,nuevo corinto,2,0.228675966
3354,6,Tunjuelito,LEGALIZADO,san carlos,60023,3.64E-05,0.02496699,62,446541.9226,13443,30104.67622,0.002677942,0,0.997322058,0,0,0,0,10130.91771,1722.64732,0.170038625,7446.110034,0.734988699,0,0,0,0,0,0,888.0878835,0.087661149,0,0,0.004098955,0.005896686,0.092083935,0.059487884,0.4415247,0.159603796,0.015726989,1.626062323,0.090651558,0.056657224,0.002832861,0.260623229,2016south,san carlos,3,0.223164472
3461,16,Puente Aranda,SIN LEGALIZAR,milenta,160041,2.84E-05,0.025148667,43,349003.0288,4636,13283.55234,0.191629592,0,0,0.808370408,0,0,0,8494.484938,2875.45559,0.338508528,2213.146404,0.260539211,0,0,1995.482659,0.234915086,1242.384852,0.14625782,0,0,0,0,0.00750821,0.003822984,0.085394685,0.079099634,0.250982475,0.282862366,0.100396696,0.649805447,0.035019455,0.019455253,0,0.101167315,2016central,milenta,1,0.215703192
3741,11,,LEGALIZADO,san josé de bavaria,110571,0.00017462,0.064578492,17,2142180.362,4643,2167.417871,0.168831582,0,0,3.25E-05,0.021132605,0.810003295,0,19918.65516,8225.385546,0.41294884,8640.396336,0.433784122,0,0,2487.830801,0.124899537,0,0,0,0,0,0,0.005059064,0.014945234,0.287858778,0.005026737,0.028912942,0.289117386,0.197964713,0.350877193,0.076023392,0.052631579,0,0.140350877,2016north,san josé de bavaria,1,0.215377988
406,4,San Cristóbal,LEGALIZADO,granada sur,40063,9.84E-06,0.016489842,34,120798.5718,4691,38833.24059,0.143358817,0,0.856641183,0,0,0,0,3209.804467,1390.799862,0.433297379,1819.004604,0.566702621,0,0,0,0,0,0,0,0,0,0,0.007229,0.006689,0.048508929,0.040509357,0.406448429,0.171463143,0.073271143,1.428571429,0,0.142857143,0,0,2016south,granada sur,1,0.213174163
449,4,San Cristóbal,SIN LEGALIZAR,s.c. 20 de julio,40137,2.27E-05,0.03769113,34,278369.1494,4781,17175.03542,0.03216157,0,0,0.96783843,0,0,0,6574.249151,3175.005256,0.482945684,3256.44683,0.49533365,0,0,0,0,0,0,7.077963282,0.001076619,0,0,0.007909903,0.007877976,0.110588685,0.056131573,0.285973581,0.272976024,0.039817806,3.75,0.048387097,0.177419355,0,0.14516129,2016south,s.c. 20 de julio,1,0.209161263
3416,16,Puente Aranda,LEGALIZADO,alcalá,160001,2.44E-05,0.020226735,41,299862.9694,9579,31944.59129,0.051658609,0,0,0.948341391,0,0,0,8168.462292,4920.258127,0.602348147,2810.49693,0.34406683,0,0,0,0,0,0,0,0,347.9424507,0.042595832,0.00721967,0.004759177,0.064560884,0.095400969,0.494759138,0.154905914,0.02486678,0.987767584,0.03058104,0.027522936,0,0.088685015,2016south,alcalá,2,0.208790062
1478,19,Ciudad Bolívar,LEGALIZADO,lucero medio,190122,9.95E-06,0.017110013,67,122116.9146,4812,39404.86063,0.015318504,0.506700198,0.477981298,0,0,0,0,4399.277817,2151.503775,0.489058401,1969.889696,0.447775698,0,0,0,0,54.63049012,0.012418059,193.6900796,0.044027699,0,0,0.001298276,0.01205969,0.088275276,0.036369931,0.536838862,0.204158655,0.025063793,0.586206897,0,0,0,0.068965517,2016south,lucero medio,1,0.207813799
2840,18,Rafael Uribe,LEGALIZADO,villa mayor,180181,1.60E-05,0.018591202,39,196071.8264,4834,24654.23049,0.149074015,0,0,0.850925985,0,0,0,6221.440751,56.91841861,0.009148752,2270.339751,0.364921863,0,0,0,0,1807.646618,0.290551126,1267.574107,0.203742856,0,0,0.00605369,0.01157013,0.091388181,0.027177542,0.232714458,0.294160259,0.107816394,1.152777778,0.027777778,0.097222222,0,0.125,2016south,villa mayor,1,0.206868018
53,10,Engativá,LEGALIZADO,villa amalia,100243,1.23E-05,0.01696732,73,150639.2602,4880,32395.27327,0.359539102,0,0.622373212,0.018087686,0,0,0,6013.150252,1058.774626,0.176076529,3373.866048,0.561081281,0,0,0,0,221.4072564,0.03682051,0,0,1200.88486,0.199709771,0.00595091,0.000554731,0.104389194,0.059393552,0.261745806,0.282072269,0.091300552,1.582089552,0.253731343,0.059701493,0,0.089552239,2016north,villa amalia,1,0.204918033
1366,19,Ciudad Bolívar,LEGALIZADO,candelaria la nueva,190028,2.81E-05,0.030949217,66,344804.2059,14661,42519.78297,0.193403963,0,0.806596037,0,0,0,0,17031.3667,6535.900531,0.383756668,7727.151637,0.453701207,0,0,0,0,361.24126,0.021210351,1705.221506,0.100122412,456.1816908,0.026784796,0.010456066,0.007004295,0.095031651,0.053614422,0.320837518,0.196317934,0.107826018,1.861445783,0.072289157,0.102409639,0,0.15060241,2016south,candelaria la nueva,3,0.204624514
3268,3,Santa Fe,LEGALIZADO,la perseverancia,30024,1.08E-05,0.015097183,92,132258.8192,4898,37033.44722,0.132337476,0,0.867662524,0,0,0,0,6054.082243,1792.516779,0.296083982,4163.662759,0.687744664,0,0,0,0,0,0,2.573890112,0.00042515,0,0,0.007118917,0.066613792,0.077843083,0.072054083,0.305207917,0.139028375,0.176113708,1.125,0,0,0,0.125,2016central,la perseverancia,1,0.204164965
336,14,Los Mártires,LEGALIZADO,eduardo santos,140003,3.45E-05,0.026887547,37,423432.648,10187,24058.13545,0.056883759,0,0,0.943116241,0,0,0,11604.22867,4122.818897,0.355285906,5101.991517,0.439666579,0,0,546.2338396,0.047071964,487.5781858,0.042017285,372.8185934,0.032127822,675.2535341,0.058190299,0.011562154,0.004234985,0.101473275,0.063519751,0.387714566,0.200218408,0.047305219,1.431670282,0.021691974,0.134490239,0,0.151843818,2016south,eduardo santos,2,0.196328654
116,3,Santa Fe,LEGALIZADO,el consuelo,30006,9.56E-06,0.021378116,96,117364.3449,5271,44911.42521,0.027580023,0,0.972419977,0,0,0,0,4824.890345,1537.7764,0.318717378,2528.008062,0.523951402,0,0,0,0,389.89048,0.080808154,77.29765032,0.016020602,0,0,0.009658947,0.024575965,0.053136316,0.057974158,0.523637719,0.145288246,0.01429614,0.438596491,0,0,0,0.052631579,2016south,el consuelo,1,0.189717321
3482,10,Engativá,LEGALIZADO,garcés navas,100080,4.66E-05,0.02765023,73,571269.4202,21749,38071.35343,0.242193676,0,0,0.757806324,0,0,0,24334.718,11922.9122,0.489954813,8493.574672,0.349031153,0,0,779.8871027,0.032048331,1160.954269,0.047707735,399.4064614,0.01641303,1045.096232,0.042946716,0.007403987,0.007152019,0.089289588,0.051127153,0.268586909,0.223980203,0.13875,1.155172414,0.038793103,0.043103448,0,0.077586207,2016north,garcés navas,4,0.183916502
3837,15,Antonio Nariño,LEGALIZADO,la fraguita,150009,2.01E-05,0.020408628,38,246399.4714,5565,22585.27573,0.105855663,0,0,0.894144337,0,0,0,6430.524583,3085.717711,0.479854741,3109.62175,0.483572018,0,0,0,0,158.9585823,0.02471938,0,0,0,0,0.017269606,0.006015554,0.139169925,0.040535192,0.219684033,0.265451704,0.142893174,1.309859155,0.051643192,0.079812207,0,0.103286385,2016south,la fraguita,1,0.179694519
2957,1,Usaquén,LEGALIZADO,cerros norte,10060,2.77E-05,0.026132009,11,339666.8617,5616,16533.84723,0.004072949,0.964138065,0.0275708,0,0,0,0.004218185,7684.448315,3059.996371,0.398206383,3965.263908,0.516011527,0,0,0,0,0,0,0,0,0,0,0.029974252,0.017963171,0.058342146,0.028217894,0.423467358,0.209279602,0.078447715,0.308943089,0,0.008130081,0,0.016260163,2016north,cerros norte,1,0.178062678
3643,10,Engativá,LEGALIZADO,normandia,100159,4.51E-05,0.030510529,31,552912.2303,5640,10200.53399,0.073089967,0,0,0,0.926910033,0,0,16430.94738,4549.095487,0.276861424,5292.513562,0.322106415,0,0,3684.201122,0.224223293,0,0,0,0,2480.119952,0.150941993,0.034357344,0.010449288,0.115336263,0.048523742,0.175289262,0.28476456,0.116840883,0.586538462,0.092307692,0.094230769,0,0.165384615,2016central,normandia,1,0.177304965
1242,8,Kennedy,LEGALIZADO,mandalay,80185,3.83E-05,0.032333014,44,469833.8343,5847,12444.82533,0.124167969,0,0,0.130595688,0.745236343,0,0,14067.62763,3878.508466,0.275704516,4718.966827,0.335448659,0,0,364.8938205,0.025938547,71.30632837,0.005068824,818.8540593,0.058208397,2767.02597,0.19669457,0.013743688,0.005901966,0.107671497,0.032696312,0.201918705,0.198608493,0.055181631,0.362416107,0.030201342,0.060402685,0,1.432885906,2016central,mandalay,1,0.171027878
261,19,Ciudad Bolívar,LEGALIZADO,altos de jalisco,190005,1.60E-05,0.028730287,67,195834.192,5926,30260.29285,0.096804751,0.702141766,0.201053483,0,0,0,0,9182.995816,2865.171046,0.312008314,3579.955679,0.389846163,0,0,0,0,1070.73422,0.116599663,634.3273738,0.0690763,870.6861854,0.094815048,0.008698438,0.003161437,0.07124175,0.0087365,0.0694075,0.3197485,0.1001275,0.5625,0.0625,0.6875,0,0.125,2016south,altos de jalisco,1,0.168747891
728,4,San Cristóbal,LEGALIZADO,bello horizonte,40016,2.43E-05,0.025880674,34,297978.7519,11890,39902.17397,0.006276098,0,0.993723902,0,0,0,0,9848.865174,6375.506359,0.647334109,3407.832679,0.346012725,0,0,0,0,0,0,65.3507717,0.006635361,0,0,0.037790111,0.011056611,0.098889444,0.079452389,0.255615056,0.295477667,0.01585,1.222222222,0,0.111111111,0,0.111111111,2016south,bello horizonte,2,0.168208579
3264,3,Santa Fe,LEGALIZADO,las nieves,30027,3.84E-05,0.025296078,93,471017.1494,5951,12634.35951,0.051215826,0,0,0.948784174,0,0,0,13214.73706,6882.369076,0.520810141,5553.107291,0.420220793,0,0,0,0,641.2480041,0.048525219,0,0,0,0,0.011527046,0.028830345,0.110240816,0.06203731,0.182048253,0.179194989,0.077826103,2.597701149,0.218390805,0.034482759,0,0.287356322,2016central,las nieves,1,0.168038985
481,5,Usme,LEGALIZADO,marichuela,50146,2.35E-05,0.02642595,57,288300.8813,12012,41664.805,0.123362079,0,0.876637921,0,0,0,0,9293.549845,4068.816571,0.437810808,4358.470646,0.468978024,0,0,0,0,0,0,863.7874132,0.09294483,0,0,0,0.003729167,0.071701833,0.002867,0.047307083,0.3372845,0.057389,0.166666667,0.333333333,0.083333333,0,0.333333333,2016south,marichuela,2,0.166500167
2892,10,Engativá,SIN LEGALIZAR,villa del mar - urb. tierragrata,100249,1.40E-05,0.019100453,73,171821.1824,6013,34995.68514,0.299101683,0,0,0.700898317,0,0,0,1275.551322,231.8351117,0.181752869,1043.71621,0.818247131,0,0,0,0,0,0,0,0,0,0,0.068673229,0.018467071,0.107012643,0.0941332,0.185261971,0.158318,0.249576343,1.114285714,0.042857143,0.042857143,0,0.1,2016north,villa del mar - urb. tierragrata,1,0.166306336
2844,18,Rafael Uribe,SIN LEGALIZAR,s.c. murillo toro,180137,1.77E-05,0.019062251,39,217471.6961,6325,29084.24459,0.019794451,0,0,0.980205549,0,0,0,6322.820666,2416.478716,0.382183656,3795.676387,0.600313782,0,0,0,0,0,0,0,0,0,0,0.00384845,0.0149814,0.09644117,0.02230934,0.26203789,0.23907213,0.03859029,1.16,0.02,0.01,0,1.78,2016south,s.c. murillo toro,1,0.158102767
415,4,San Cristóbal,LEGALIZADO,atenas,40009,1.70E-05,0.022548739,34,208101.3341,6449,30989.71002,0.041598711,0,0.958401289,0,0,0,0,5851.153326,3120.138633,0.533251901,2569.619322,0.439164585,0,0,0,0,27.17179692,0.004643836,5.902183001,0.001008721,0,0,0.013406347,0.005626545,0.09847401,0.056929782,0.31213702,0.254005089,0.083261703,1.396039604,0.02970297,0.02970297,0,0.069306931,2016south,atenas,1,0.1550628
687,6,Tunjuelito,SIN LEGALIZAR,nuevo muzu ii sector 1 a etapa,60015,1.93E-05,0.018705873,42,237178.7806,6598,27818.67746,0.105279625,0,0,0.894720375,0,0,0,8118.503551,0,0,3016.730034,0.371586957,0,0,0,0,2172.319406,0.267576333,2929.454112,0.36083671,0,0,0.005556515,0.000178879,0.113399939,0.05194303,0.250007182,0.245333242,0.087794061,0.606060606,0.060606061,0.090909091,0,0.060606061,2016south,nuevo muzu ii sector 1 a etapa,1,0.151561079
3519,10,Engativá,SIN LEGALIZAR,la bonanza,100087,2.14E-05,0.018528711,26,263105.6163,6674,25366.23921,0.17457,0,0,0.82543,0,0,0,6843.989073,2618.454495,0.382591858,2961.176688,0.432668237,0,0,591.9220329,0.086487869,0,0,0,0,672.4358572,0.098252035,0.009119497,0.003777594,0.073469063,0.07221142,0.366994372,0.253962042,0.02525717,1.3125,0.041666667,0.03125,0,0.086805556,2016north,la bonanza,1,0.149835181
682,13,Teusaquillo,LEGALIZADO,san luís,130049,3.89E-05,0.027586113,100,476756.5726,6800,14263.04406,0.037139893,0,0,0.008171526,0.954688581,0,0,14879.46055,1817.638674,0.122157565,2665.102029,0.179112813,0,0,452.3867175,0.030403435,4121.344419,0.276982113,3957.852371,0.265994346,1729.651999,0.116244268,0.037445148,0.013588892,0.109124717,0.07169251,0.235089513,0.211766402,0.155733412,1.100869565,0.053913043,0.182608696,0,0.147826087,2016central,san luís,1,0.147058824
3227,16,Puente Aranda,SIN LEGALIZAR,las carabelas,160037,3.85E-05,0.032559913,40,472780.0778,6870,14531.06914,0.132147257,0,0,0.867852743,0,0,0,13443.00015,5084.975505,0.378261954,5877.821185,0.437240283,0,0,215.847701,0.016056513,0,0,390.0879416,0.029017923,1796.269719,0.133621193,0.020626602,0.006867703,0.094550975,0.069260273,0.288106612,0.267311478,0.093016658,0.585840708,0.03539823,0.046017699,0,0.132743363,2016south,las carabelas,1,0.145560408
3558,11,,LEGALIZADO,aures ii,110033,2.54E-05,0.027000246,28,311177.4162,13778,44276.99211,0.166640838,0,0.833359162,0,0,0,0,10656.10784,5231.463731,0.490935697,4401.228928,0.413024061,0,0,698.808848,0.065578245,0,0,0,0,127.0100988,0.011918995,0.001165667,0,0.275518,0.037325333,0.210579167,0.232076,0.009475,2.666666667,0,0.166666667,0,0.333333333,2016north,aures ii,2,0.145158949
2797,13,Teusaquillo,LEGALIZADO,la soledad,130031,4.84E-05,0.029839889,101,593837.9157,6965,11728.78965,0.027724951,0,0,0,0.972275049,0,0,16647.37898,4843.65674,0.290956117,5181.572817,0.311254572,0,0,4186.362153,0.251472749,289.8563086,0.017411528,668.5243116,0.040157932,1446.871731,0.086912885,0.033168874,0.012145822,0.100519993,0.060295794,0.25597723,0.168982781,0.170961436,0.803596127,0.034578147,0.049792531,0,0.269709544,2016central,la soledad,1,0.143575018
2558,9,Fontibón,SIN LEGALIZAR,ciudad salitre,90021,2.69E-05,0.021597086,110,329945.8359,7237,21933.90312,0.307472169,0,0,0,0.692527831,0,0,9438.379789,1859.088653,0.196971164,2211.108423,0.234267795,0,0,836.8361959,0.08866312,220.1788536,0.023328035,0,0,2783.322863,0.294894137,0.031643219,0.012688855,0.188239162,0.040033882,0.142797408,0.180032706,0.23551339,0.50877193,0.065789474,0.083333333,0,0.109649123,2016central,ciudad salitre,1,0.138178803
867,12,Barrios Unidos,LEGALIZADO,popular modelo,120045,3.55E-05,0.034128681,22,436148.2602,7354,16861.23888,0.32367681,0,0,0.022351553,0.653971637,0,0,10189.08023,4425.159257,0.434304094,4236.15357,0.415754266,0,0,811.8372661,0.079677189,189.829674,0.018630698,159.6682855,0.01567053,177.7026541,0.0174405,0.006643803,0.005228582,0.074569878,0.028079667,0.202169033,0.16907293,0.0862573,0.488262911,0,0.018779343,0,1.539906103,2016central,popular modelo,1,0.135980419
725,11,,LEGALIZADO,cantalejo,110095,1.30E-05,0.019106806,18,159826.2997,7439,46544.27972,0,0,0.045914929,0.951813924,0.002271147,0,0,3073.637246,983.7949333,0.32007516,1941.479209,0.631655285,0,0,0,0,0,0,0,0,0,0,0.046734677,0.0230664,0.085371846,0.045760169,0.299687892,0.136791,0.1281608,0.938461538,0.046153846,0.015384615,0,0.076923077,2016north,cantalejo,1,0.13442667
3486,10,Engativá,LEGALIZADO,la granja,100098,2.74E-05,0.025741919,30,335666.797,7488,22307.83642,0.034052625,0,0,0.965947375,0,0,0,9103.538326,3107.411531,0.341341072,3430.390849,0.37681951,0,0,0,0,0,0,0,0,2331.508769,0.256110172,0.004415056,0.00839004,0.075722175,0.067765785,0.44314248,0.204262034,0.03504665,0.677966102,0.050847458,0.107344633,0,0.186440678,2016north,la granja,1,0.133547009
1785,7,Bosa,LEGALIZADO,olarte,70220,3.77E-05,0.033735165,49,462155.6651,15771,34124.86569,0.416487094,0,0.583512906,0,0,0,0,15036.34133,7112.921962,0.473048716,4809.943124,0.319887865,0,0,29.42292135,0.001956787,266.1875836,0.017702949,0,0,1371.098236,0.091185629,0.019821444,0.003459444,0.323869444,0.040855556,0.019092556,0.097767222,0.158081667,2.333333333,0.333333333,0,0,0.222222222,2016south,olarte,2,0.12681504
2550,2,Chapinero,SIN LEGALIZAR,s.c. chico norte,20063,7.91E-05,0.043572941,97,970756.5747,8066,8308.983128,0.039382056,0,0,0,0,0,0.960617944,20066.31441,8511.805087,0.424183779,5223.230993,0.260298473,0,0,2568.442502,0.12799772,0,0,1060.108262,0.052830243,2052.874473,0.10230451,0.012791301,0.005561945,0.113770743,0.039994967,0.240678586,0.119289611,0.193403458,0.590707965,0.039823009,0.048672566,0,1.14380531,2016north,s.c. chico norte,1,0.123977188
2651,10,Engativá,LEGALIZADO,la estrada,100093,4.19E-05,0.030787077,26,513631.5287,16357,31845.7865,0.005409773,0,0,0.994590227,0,0,0,15630.67726,3881.487867,0.248324996,8895.430268,0.569100758,0,0,1281.610777,0.081993298,0,0,5.066627586,0.000324146,1567.081717,0.100256802,0.001075095,0.000537284,0.069666673,0.068929028,0.510986199,0.195553536,0.005126246,1.165876777,0.066350711,0.037914692,0,0.099526066,2016north,la estrada,2,0.12227181
2869,16,Puente Aranda,LEGALIZADO,colon,160013,2.36E-05,0.02451511,43,288987.2025,8218,28437.24542,0.059093572,0,0,0.940906428,0,0,0,9183.456458,3503.876297,0.381542213,5323.888422,0.579725994,0,0,0,0,0,0,0,0,355.6917387,0.038731793,0.017174809,0.005629169,0.091873544,0.080438336,0.428883431,0.165209581,0.059108951,0.659313725,0.024509804,0.022058824,0,0.156862745,2016central,colon,1,0.121684108
1228,8,Kennedy,LEGALIZADO,la igualdad,80151,2.87E-05,0.034062618,44,352442.5514,8301,23552.77468,0,0,0.454378678,0,0.545621322,0,0,9556.014461,2024.529363,0.211859177,4013.24039,0.419970104,0,0,1105.483683,0.115684597,716.5006812,0.074979029,0,0,1471.809249,0.154019153,0.013667876,0.004086508,0.093706461,0.051487,0.342868642,0.206024,0.059315389,1.512953368,0.093264249,0.124352332,0,0.067357513,2016central,la igualdad,1,0.120467414
641,1,Usaquén,LEGALIZADO,cedritos,10050,5.10E-05,0.036974614,13,625764.0009,17271,27599.86189,0.030460412,0,0,0,0.871073669,0.09846592,0,10675.4249,5826.637966,0.545799162,2825.722465,0.264694145,0,0,1754.4264,0.164342536,0,0,3.703445993,0.000346913,0,0,0.031664784,0.023005952,0.107410536,0.060421084,0.208823548,0.190339272,0.177845551,1.296407186,0.128742515,0.065868263,0,0.134730539,2016north,cedritos,2,0.115801054
2660,6,Tunjuelito,SIN LEGALIZAR,san vicente ferrer,60024,3.59E-05,0.024837507,42,440804.3489,17438,39559.50081,0.01732372,0,0.98267628,0,0,0,0,13694.44735,8575.30665,0.626188588,4677.172812,0.341537902,0,0,0,0,0,0,413.8369031,0.030219321,0,0,0.002407036,0.001599818,0.073642304,0.038171941,0.490900953,0.126878417,0.007989085,0.875494071,0.019762846,0.015810277,0,0.731225296,2016south,san vicente ferrer,2,0.114692052
2794,13,Teusaquillo,LEGALIZADO,nicolás de federman,130033,4.24E-05,0.033265766,106,519710.2843,8825,16980.61452,0.20919381,0,0,0,0.153251233,0.637554957,0,13830.91577,3955.283611,0.285974094,4491.017994,0.32470865,0,0,2069.276614,0.149612408,0,0,267.1035288,0.019312064,2097.148231,0.151627576,0.016445213,0.01252278,0.126503062,0.046548503,0.189892602,0.202873389,0.194966256,0.700228833,0.041189931,0.043478261,0,0.128146453,2016central,nicolás de federman,1,0.113314448
3330,4,San Cristóbal,LEGALIZADO,san blass,40173,2.19E-05,0.025074325,32,269308.5042,9550,35461.18987,0.116646832,0,0.883353168,0,0,0,0,9841.169958,4160.464317,0.422761149,5025.207259,0.510631082,0,0,0,0,548.3237642,0.055717335,59.1216314,0.006007582,0,0,0.013410953,0.012349791,0.087366023,0.049328744,0.387819349,0.216818488,0.084750767,2.325581395,0,0.023255814,0,0.186046512,2016south,san blass,1,0.104712042
3499,18,Rafael Uribe,SIN LEGALIZAR,s.c. quiroga,180140,3.21E-05,0.026377083,39,393871.7275,9990,25363.58744,0.231772266,0,0,0.768227734,0,0,0,14750.55398,6470.634201,0.438670589,7720.584855,0.523409823,0,0,0,0,237.9720302,0.016133091,103.438585,0.007012522,0,0,0.00121,0,0.089724077,0.038101923,0.416239846,0.212561654,0.057796462,1.538461538,0.038461538,0.038461538,0,0.192307692,2016south,s.c. quiroga,1,0.1001001
418,4,San Cristóbal,LEGALIZADO,san martín de loba,40185,2.79E-05,0.032054525,50,342778.9766,10246,29890.98136,0.094822245,0.213439505,0.69173825,0,0,0,0,10454.68601,4038.147683,0.386252412,5872.246462,0.561685588,0,0,0,0,0.467997846,4.48E-05,152.4277313,0.014579848,0,0,0.001557772,0.007743761,0.068107054,0.041606902,0.317688543,0.1239115,0.017008424,0.554347826,0.02173913,0.02173913,0,0.543478261,2016south,san martín de loba,1,0.097599063
2096,11,,LEGALIZADO,el batan,110148,4.53E-05,0.034893702,20,555941.7481,10267,18467.7622,0.070025705,0,0,0,0,0.929974295,0,13041.77032,4769.302008,0.365694372,4776.140339,0.366218713,0,0,2005.278949,0.153758186,0,0,0,0,1384.404682,0.106151592,0.038293175,0.017787188,0.112107482,0.042110587,0.211331648,0.223732723,0.157762465,0.326869806,0.04432133,0.049861496,0,0.108033241,2016north,el batan,1,0.097399435
2634,10,Engativá,SIN LEGALIZAR,santa rosita,100233,2.86E-05,0.022505003,30,351144.9119,10775,30685.33712,0.128266702,0,0,0.871733298,0,0,0,11169.04419,3745.89539,0.335381911,4916.57191,0.440196298,0,0,715.3628134,0.064048705,18.76060685,0.001679697,0,0,1772.453474,0.158693389,0.032278883,0.004335502,0.086864982,0.049213949,0.312184044,0.283750784,0.048922168,1.043956044,0.04029304,0.043956044,0,0.113553114,2016north,santa rosita,1,0.092807425
563,10,Engativá,LEGALIZADO,bochica ii,100015,3.88E-05,0.025599878,72,475446.5512,10894,22913.19597,0.545303545,0,0,0.454696455,0,0,0,7285.607411,1646.126315,0.22594222,1827.519343,0.250839668,0,0,259.9189986,0.03567568,308.1403614,0.042294396,0,0,2142.83236,0.29411856,0.054381685,0.011315126,0.11936355,0.028380874,0.100002324,0.272366441,0.224119216,1.630630631,0.693693694,0.054054054,0,0.108108108,2016north,bochica ii,1,0.091793648
2747,11,,LEGALIZADO,nueva zelanda,110405,1.95E-05,0.020760483,17,239163.7773,11227,46942.72739,0.12027392,0,0,0.516908071,0.362818008,0,0,7037.326438,2272.30125,0.322892688,3447.038263,0.489822135,0,0,1094.276583,0.155496067,0,0,0,0,158.7836322,0.022563062,0,0.026678,0.144776333,0.147515,0.184758167,0.240443,0.053131167,2.166666667,0.5,0.333333333,0,0,2016north,nueva zelanda,1,0.08907099
196,10,Engativá,LEGALIZADO,villas de granada,100268,3.21E-05,0.029224476,73,394039.2068,12262,31118.7308,0.27052321,0,0,0.72947679,0,0,0,14883.51506,5731.606524,0.38509764,7242.681491,0.486624394,0,0,213.9746746,0.014376622,0,0,0,0,888.2771684,0.059681948,0.010681108,0.000832518,0.118378807,0.047429663,0.348324211,0.197210922,0.073325042,2.108433735,0.06626506,0.078313253,0,0.156626506,2016north,villas de granada,1,0.081552765
3019,10,Engativá,SIN LEGALIZAR,s.c. santa helenita,100207,3.81E-05,0.027579649,30,467280.7322,14564,31167.55945,0.179889323,0,0,0.820110677,0,0,0,12347.28923,6557.694744,0.531104004,5178.041663,0.419366678,0,0,0,0,0,0,0,0,557.8323276,0.045178526,0.015872346,0.002420936,0.078809709,0.062976493,0.342565468,0.238867213,0.063553535,1.470914127,0.011080332,0.055401662,0,0.390581717,2016north,s.c. santa helenita,1,0.068662455
3116,10,Engativá,LEGALIZADO,ciudadela colsubsidio,100033,0.000103335,0.060975383,72,1267745.546,19073,15044.8172,0.535933422,0,0,0.464066578,0,0,0,21877.57198,5387.022313,0.246234926,7780.676252,0.355646242,0,0,1238.216899,0.056597547,344.948065,0.015767201,1158.050367,0.052933222,2511.376803,0.1147923,0.015291855,0.0061444,0.116715055,0.035349855,0.093174509,0.345949509,0.232123182,0.654545455,0.036363636,0.036363636,0,0.127272727,2016north,ciudadela colsubsidio,1,0.052430137
515,9,Fontibón,LEGALIZADO,el charco,90028,0.000106127,0.066537809,77,1302081.428,20106,15441.4306,0.434090542,0,0.469111861,0.096797597,0,0,0,10135.7186,3661.151721,0.361212842,5091.720497,0.502354169,0,0,0,0,13.63520619,0.001345263,709.2035058,0.069970718,154.6448057,0.015257409,0.004691494,0.004524725,0.153063819,0.020354231,0.058144944,0.344842725,0.095052313,0.44375,0.0375,0.55625,0,0.275,2016north,el charco,1,0.049736397
1153,8,Kennedy,LEGALIZADO,las brisas_,80168,1.39E-05,0.023110335,82,171001.4451,8535,49911.85891,0.118351655,0,0.881648345,0,0,0,0,8307.824323,3236.561836,0.389579956,5060.328294,0.609103912,0,0,0,0,0,0,10.93419292,0.001316132,0,0,0.000674533,0.006143367,0.085737833,0.024365733,0.268063,0.256810967,0.043868,1.5,0.033333333,0,0,0.066666667,2016central,,0,0
1109,8,Kennedy,LEGALIZADO,morabia ii,80196,3.92E-06,0.008092762,48,48113.63932,2398,49840.33704,0.197848622,0,0,0.802151378,0,0,0,1938.103363,1112.606574,0.574069781,817.7279868,0.421921763,0,0,0,0,0,0,2.615165047,0.001349342,0,0,0,0,0,0,0.5,0,0,0,0,0,0,0,2016south,,0,0
659,4,San Cristóbal,LEGALIZADO,guacamayas iii sector,40066,1.49E-06,0.005692214,50,18230.76071,908,49805.93044,0.22714672,0,0.77285328,0,0,0,0,1174.341964,678.518096,0.577785787,434.5206084,0.370011991,0,0,0,0,29.23962756,0.024898733,0,0,0,0,0,0.015035857,0.081367714,0.037151857,0.431890286,0.129306429,0.049102143,0.571428571,0,0.285714286,0,0.285714286,2016south,,0,0
378,1,Usaquén,LEGALIZADO,bellavista y unicerros,10023,1.62E-06,0.005520635,14,19880.48827,990,49797.5697,0,0,0.999826072,0,0,0.000173928,0,848.5903756,274.9408456,0.323997129,468.5791543,0.552185327,0,0,0,0,0,0,45.83934369,0.054018222,0,0,0.000300813,0.010544,0.04772375,0.014428063,0.479643,0.114039688,0.137850938,0.1875,0,0,0,0.0625,2016north,,0,0
3756,11,,LEGALIZADO,rincón de suba,110474,1.32E-05,0.025239126,28,161427.7596,8033,49762.19716,0.028619251,0,0.882459057,0.088921693,0,0,0,6243.30839,3196.010817,0.511909811,2247.044585,0.359912477,0,0,506.9594273,0.081200446,0,0,160.5036847,0.025708114,0,0,0.011979843,0.009075321,0.103762478,0.048596896,0.376571933,0.230081433,0.065033821,1.291044776,0.074626866,0.149253731,0,0.074626866,2016north,,0,0
3758,11,,SIN LEGALIZAR,altos de la esperanza i sector,110014,2.39E-06,0.006495664,28,29291.13619,1457,49742.01036,0,0,1,0,0,0,0,1191.832744,643.3512716,0.539799963,515.6835221,0.432681116,0,0,0,0,0,0,0,0,0,0,0.020916625,0.019543938,0.087973375,0.0629975,0.38017625,0.217578,0.014527188,1.9375,0,0.0625,0,0,2016north,,0,0
2733,10,Engativá,SIN LEGALIZAR,engativa - urb. muisca ii,100071,1.43E-06,0.007131574,74,17592.13101,875,49738.1471,0,0,1,0,0,0,0,256.0112647,51.74519609,0.202120778,153.6922075,0.600333769,0,0,0,0,0,0,0,0,0,0,0.014772333,0,0.121314667,0.090807,0.218212,0.232883,0.160913333,5.666666667,0.333333333,0,0,0,2016north,,0,0
113,18,Rafael Uribe,LEGALIZADO,antonio morales ii,180003,2.49E-07,0.002282703,54,3059.994203,152,49673.29672,0,0,1,0,0,0,0,103.034083,0,0,0,0,0,0,0,0,94.31687963,0.915394953,8.717203396,0.084605047,0,0,0,0,0.0745035,0.117473833,0.511861,0.168873,0,1.166666667,0,0,0,0.333333333,2016south,,0,0
2004,11,,SIN LEGALIZAR,urb. áticos del norte,110678,1.24E-06,0.005041048,24,15220.82514,755,49603.09267,0.067538869,0,0,0,0,0.932461131,0,167.271472,39.39480886,0.235514212,36.26970344,0.216831376,0,0,91.60695972,0.547654412,0,0,0,0,0,0,0,0,0.051482333,0.093396333,0.290965667,0.181980667,0.184583,0.666666667,0,0,0,0.333333333,2016north,,0,0
1229,8,Kennedy,LEGALIZADO,la igualdad ii sector,80152,1.40E-06,0.008482022,44,17211.41235,852,49502.0387,0,0,0,0,1,0,0,501.7040931,0,0,0,0,0,0,71.79935933,0.14311097,429.9047337,0.85688903,0,0,0,0,0.0244672,0,0.061469,0.0398274,0.0909624,0.4170522,0.0952366,1.2,0,0.4,0,0.2,2016central,,0,0
2031,11,,LEGALIZADO,el delirio,110160,1.04E-06,0.005546909,27,12718.45206,629,49455.70397,0,0,0.965297795,0.034497852,0,0,0.000204353,488.1028409,247.1743693,0.506398137,240.9284715,0.493601863,0,0,0,0,0,0,0,0,0,0,0.004279583,0.12968425,0.13260725,0.035223917,0.312261083,0.207833417,0.056549917,0.166666667,0,0,0,0.083333333,2016north,,0,0
1527,19,Ciudad Bolívar,LEGALIZADO,guaitiquia,190078,2.00E-06,0.007121727,65,24582.71438,1214,49384.29423,0.278563185,0,0.721436815,0,0,0,0,1288.167292,630.9447592,0.489800326,512.9934468,0.398235113,0,0,0,0,0,0,144.2290864,0.111964562,0,0,0,0.000165879,0.097239121,0.091296212,0.404219636,0.155532061,0.000940667,2.515151515,0.121212121,0.060606061,0,0.212121212,2016south,,0,0
3441,1,Usaquén,LEGALIZADO,san juan bosco,10198,2.75E-06,0.006618627,10,33775.72509,1667,49354.973,0.113751449,0,0.886248551,0,0,0,0,1154.669587,396.6309786,0.343501711,418.8193842,0.362717949,0,0,165.6901432,0.14349572,0,0,0,0,0,0,0.01262031,0.019384345,0.079734552,0.089328207,0.345078241,0.166698862,0.105047345,0.620689655,0,0.034482759,0,0.034482759,2016north,,0,0
3357,11,,SIN LEGALIZAR,prados de suba,110453,1.32E-06,0.004693774,27,16201.70155,797,49192.36399,0,0,0,1,0,0,0,163.733449,39.58614026,0.241771859,124.1473087,0.758228141,0,0,0,0,0,0,0,0,0,0,0.138994,0.007725,0.21146,0.057487,0.290187,0.121617,0.096192,0,0,0,0,0,2016north,,0,0
833,1,Usaquén,LEGALIZADO,barrancas ii sector,10017,1.96E-06,0.0058191,11,24009.50562,1181,49188.85124,0,0,0,1,0,0,0,814.3606602,359.0024611,0.440839641,455.3581992,0.559160359,0,0,0,0,0,0,0,0,0,0,0.00033525,0,0.0775445,0.09824975,0.51257725,0.0911985,0.003307,6,0,0,0,0,2016north,,0,0
2879,16,Puente Aranda,SIN LEGALIZAR,bosque de los comuneros,160007,4.72E-06,0.012259489,40,57934.2153,2836,48952.07409,0,0,0,1,0,0,0,712.8622163,275.7437295,0.386812098,124.1686032,0.174183174,0,0,0,0,0,0,214.5381413,0.300953167,0,0,0,0.004167333,0.059100667,0.042197,0.150332,0.361898333,0.108927,0.333333333,0,0,0,0,2016south,,0,0
958,8,Kennedy,SIN LEGALIZAR,villa alsacia ciudadela,80298,3.46E-05,0.025014961,113,424296.5525,20752,48909.18835,0.040554544,0,0,0.129616308,0.829829148,0,0,5240.822325,1493.535244,0.284981087,1511.539118,0.288416402,0,0,748.1518281,0.142754664,0,0,0,0,595.6895581,0.113663376,0.035000949,0.002031974,0.160872128,0.030384513,0.144245359,0.262846026,0.166153744,0.948717949,0.128205128,0.102564103,0,0.358974359,2016central,,0,0
1224,8,Kennedy,LEGALIZADO,floresta del sur,80127,1.02E-05,0.012973295,44,125663.0195,6143,48884.70787,0.046048517,0,0.953951483,0,0,0,0,4698.173583,1167.85586,0.248576567,2974.626569,0.63314531,0,0,555.6911532,0.118278123,0,0,0,0,0,0,0.008405319,0.000243722,0.095660556,0.067396694,0.362813264,0.218356931,0.041646903,1.277777778,0.013888889,0.166666667,0,0.055555556,2016central,,0,0
2366,11,,SIN LEGALIZAR,los tulipanes,110354,5.58E-07,0.002993018,27,6840.575334,334,48826.30242,0,0,0,1,0,0,0,0,0,0,0,0,0,0,0,0,0,0,0,0,0,0,0.09510275,0.034817,0.0667105,0.0491475,0.12755725,0.17444325,0.30689875,1,0,0,0,0,2016north,,0,0
1433,19,Ciudad Bolívar,LEGALIZADO,colmena iii,190039,1.74E-06,0.007911152,66,21393.44921,1043,48753.2417,0.168316431,0,0.831683569,0,0,0,0,1295.008296,0,0,475.7230711,0.367351369,0,0,0,0,0,0,669.7916605,0.517210324,0,0,0,0,0.1093475,0.05214525,0.32053625,0.2782405,0.0018065,7.25,0.25,0.25,0,0.25,2016south,,0,0
